nr;filnavn;kategori;artikel;url;prompt;alt_tekst;type
21;21-ai-prognose-skaerm.jpg;Tech;AI på lageret 2026: hvad virker, hvad er hype og hvad koster det;https://smartpack.dk/viden/tech/ai-paa-lageret-2026.html;Fotorealistisk. Dansk/nordeuropæisk lager i normal størrelse, ikke en amerikansk mega-hal. Dagslys eller neutralt hallys, let afdæmpede farver. Tingene skal se brugte ud, ikke som et showroom. Kamera i øjenhøjde eller let ovenfra. Ingen tekst nogen steder i billedet. Ingen firmanavne, varemærker eller læsbare labels. Ingen genkendelige ansigter, folk ses bagfra, fra siden eller beskåret. Bredformat 16:9. En skærm på en rullebord midt i en lagergang viser en simpel prognosekurve. Reoler og kasser ude af fokus bagved. Køligt dagslys.;Skærm med prognosekurve midt i en lagergang;foto
22;22-api-dataforbindelse-server.jpg;Tech;API i lagerstyring, sådan henter og sender dit WMS data;https://smartpack.dk/viden/tech/api-i-lagerstyring.html;Fotorealistisk. Dansk/nordeuropæisk lager i normal størrelse, ikke en amerikansk mega-hal. Dagslys eller neutralt hallys, let afdæmpede farver. Tingene skal se brugte ud, ikke som et showroom. Kamera i øjenhøjde eller let ovenfra. Ingen tekst nogen steder i billedet. Ingen firmanavne, varemærker eller læsbare labels. Ingen genkendelige ansigter, folk ses bagfra, fra siden eller beskåret. Bredformat 16:9. Nærbillede af et lille netværksskab med blinkende lysdioder på en lagervæg, kabler samlet i bøjle, reoler sløret i baggrunden.;Netværksskab på en lagervæg;foto
23;23-lotnummer-etiket-paa-kasse.jpg;Tech;Batch- og lotnumre: sådan finder du partiet igen;https://smartpack.dk/viden/tech/batch-og-lotnumre.html;Fotorealistisk. Dansk/nordeuropæisk lager i normal størrelse, ikke en amerikansk mega-hal. Dagslys eller neutralt hallys, let afdæmpede farver. Tingene skal se brugte ud, ikke som et showroom. Kamera i øjenhøjde eller let ovenfra. Ingen tekst nogen steder i billedet. Ingen firmanavne, varemærker eller læsbare labels. Ingen genkendelige ansigter, folk ses bagfra, fra siden eller beskåret. Bredformat 16:9. Nærbillede af en hånd der holder en scanner op mod en etiket med partinummer på en papkasse på en pallereol.;Scanner holdes op mod partinummer på en kasse;foto
24;24-batch-pluk-vogn-med-toter.jpg;Tech;Batch picking teknologi: sådan plukker du 3x flere ordrer med samme mandskab;https://smartpack.dk/viden/tech/batch-picking-teknologi.html;Fotorealistisk. Dansk/nordeuropæisk lager i normal størrelse, ikke en amerikansk mega-hal. Dagslys eller neutralt hallys, let afdæmpede farver. Tingene skal se brugte ud, ikke som et showroom. Kamera i øjenhøjde eller let ovenfra. Ingen tekst nogen steder i billedet. Ingen firmanavne, varemærker eller læsbare labels. Ingen genkendelige ansigter, folk ses bagfra, fra siden eller beskåret. Bredformat 16:9. Plukkevogn med seks nummererede plastkasser i to etager midt i en lagergang, en plukker lægger en vare i den tredje kasse.;Plukkevogn med seks toter i en lagergang;foto
25;25-erp-skaerm-kontor-ved-lager.jpg;Tech;Business Central integration med WMS, hvad du skal kende inden opsætning;https://smartpack.dk/viden/tech/business-central-integration.html;Fotorealistisk. Dansk/nordeuropæisk lager i normal størrelse, ikke en amerikansk mega-hal. Dagslys eller neutralt hallys, let afdæmpede farver. Tingene skal se brugte ud, ikke som et showroom. Kamera i øjenhøjde eller let ovenfra. Ingen tekst nogen steder i billedet. Ingen firmanavne, varemærker eller læsbare labels. Ingen genkendelige ansigter, folk ses bagfra, fra siden eller beskåret. Bredformat 16:9. Kontorplads med en stor skærm der viser et regnskabssystem, vindue ud til lagerhallen bagved.;Kontorskærm med udsigt til lagerhallen;foto
26;26-ordreflow-fra-skaerm-til-pakke.jpg;Tech;Dataflow i e-handel, fra ordre til forsendelse trin for trin;https://smartpack.dk/viden/tech/dataflow-i-ecommerce.html;Fotorealistisk. Dansk/nordeuropæisk lager i normal størrelse, ikke en amerikansk mega-hal. Dagslys eller neutralt hallys, let afdæmpede farver. Tingene skal se brugte ud, ikke som et showroom. Kamera i øjenhøjde eller let ovenfra. Ingen tekst nogen steder i billedet. Ingen firmanavne, varemærker eller læsbare labels. Ingen genkendelige ansigter, folk ses bagfra, fra siden eller beskåret. Bredformat 16:9. Split-motiv i ét billede: venstre side en telefon med en ordrebekræftelse, højre side den færdige pakke på et pakkebord.;Telefon med ordrebekræftelse ved siden af en færdig pakke;diagram
27;27-fakturakladde-paa-pakkestation.jpg;Tech;e-conomic integration med WMS, ordrer, fakturaer og Grant Token;https://smartpack.dk/viden/tech/economic-integration.html;Fotorealistisk. Dansk/nordeuropæisk lager i normal størrelse, ikke en amerikansk mega-hal. Dagslys eller neutralt hallys, let afdæmpede farver. Tingene skal se brugte ud, ikke som et showroom. Kamera i øjenhøjde eller let ovenfra. Ingen tekst nogen steder i billedet. Ingen firmanavne, varemærker eller læsbare labels. Ingen genkendelige ansigter, folk ses bagfra, fra siden eller beskåret. Bredformat 16:9. Pakkebord med en skærm der viser en faktura i kladde, en halvpakket kasse ved siden af.;Skærm med fakturakladde på en pakkestation;foto
28;28-b2b-palle-med-foelgeseddel.jpg;Tech;EDI-integrationer på lageret: hvad er det og hvornår er det nødvendigt?;https://smartpack.dk/viden/tech/edi-integrationer.html;Fotorealistisk. Dansk/nordeuropæisk lager i normal størrelse, ikke en amerikansk mega-hal. Dagslys eller neutralt hallys, let afdæmpede farver. Tingene skal se brugte ud, ikke som et showroom. Kamera i øjenhøjde eller let ovenfra. Ingen tekst nogen steder i billedet. Ingen firmanavne, varemærker eller læsbare labels. Ingen genkendelige ansigter, folk ses bagfra, fra siden eller beskåret. Bredformat 16:9. Wrappet palle klar til afhentning med en følgeseddellomme på siden, port åben i baggrunden.;Wrappet B2B-palle med følgeseddellomme;foto
29;29-flyt-vare-mellem-pladser.jpg;Tech;Flyt varer på lageret uden at miste sporet;https://smartpack.dk/viden/tech/flytning-af-varer.html;Fotorealistisk. Dansk/nordeuropæisk lager i normal størrelse, ikke en amerikansk mega-hal. Dagslys eller neutralt hallys, let afdæmpede farver. Tingene skal se brugte ud, ikke som et showroom. Kamera i øjenhøjde eller let ovenfra. Ingen tekst nogen steder i billedet. Ingen firmanavne, varemærker eller læsbare labels. Ingen genkendelige ansigter, folk ses bagfra, fra siden eller beskåret. Bredformat 16:9. Lagermedarbejder løfter en kasse fra en reolplads over i en anden, terminal i den anden hånd.;Medarbejder flytter en kasse mellem to reolpladser;foto
30;30-fragtlabels-tre-transportoerer.jpg;Tech;Fragtintegrationer forklaret, GLS, PostNord, Bring og hvad der skiller dem;https://smartpack.dk/viden/tech/fragtintegrationer-forklaret.html;Fotorealistisk. Dansk/nordeuropæisk lager i normal størrelse, ikke en amerikansk mega-hal. Dagslys eller neutralt hallys, let afdæmpede farver. Tingene skal se brugte ud, ikke som et showroom. Kamera i øjenhøjde eller let ovenfra. Ingen tekst nogen steder i billedet. Ingen firmanavne, varemærker eller læsbare labels. Ingen genkendelige ansigter, folk ses bagfra, fra siden eller beskåret. Bredformat 16:9. Tre pakker side om side på et bord, hver med sin fragtlabel, set skråt oppefra. Ingen læsbare firmanavne.;Tre pakker med hver sin fragtlabel;foto
31;31-tracking-bekraeftet-paa-skaerm.jpg;Tech;Fulfillment sync, fra plukket ordre til bekræftet forsendelse;https://smartpack.dk/viden/tech/fulfillment-sync.html;Fotorealistisk. Dansk/nordeuropæisk lager i normal størrelse, ikke en amerikansk mega-hal. Dagslys eller neutralt hallys, let afdæmpede farver. Tingene skal se brugte ud, ikke som et showroom. Kamera i øjenhøjde eller let ovenfra. Ingen tekst nogen steder i billedet. Ingen firmanavne, varemærker eller læsbare labels. Ingen genkendelige ansigter, folk ses bagfra, fra siden eller beskåret. Bredformat 16:9. Færdig pakke på vejen ved siden af en skærm med et grønt markeret flueben i en ordreliste.;Pakke på vægt ved siden af skærm med bekræftet ordre;foto
32;32-genopfyldning-fra-tote-til-hylde.jpg;Tech;Genopfyldning fra tote: sådan finder systemet selv pladsen;https://smartpack.dk/viden/tech/genopfyldning-fra-tote.html;Fotorealistisk. Dansk/nordeuropæisk lager i normal størrelse, ikke en amerikansk mega-hal. Dagslys eller neutralt hallys, let afdæmpede farver. Tingene skal se brugte ud, ikke som et showroom. Kamera i øjenhøjde eller let ovenfra. Ingen tekst nogen steder i billedet. Ingen firmanavne, varemærker eller læsbare labels. Ingen genkendelige ansigter, folk ses bagfra, fra siden eller beskåret. Bredformat 16:9. Medarbejder tømmer en blå tote over i en plukhylde i øjenhøjde, tom plads til højre i hylden.;Medarbejder fylder varer fra tote op i en plukhylde;foto
33;33-kundeservice-med-lager-i-baggrund.jpg;Tech;Herodesk + SmartPack: kundeservice der styrer lageret;https://smartpack.dk/viden/tech/herodesk-helpdesk-smartpack.html;Fotorealistisk. Dansk/nordeuropæisk lager i normal størrelse, ikke en amerikansk mega-hal. Dagslys eller neutralt hallys, let afdæmpede farver. Tingene skal se brugte ud, ikke som et showroom. Kamera i øjenhøjde eller let ovenfra. Ingen tekst nogen steder i billedet. Ingen firmanavne, varemærker eller læsbare labels. Ingen genkendelige ansigter, folk ses bagfra, fra siden eller beskåret. Bredformat 16:9. Kundeservicemedarbejder med headset ved en skærm, glasvæg med lagerhal bagved.;Kundeservicemedarbejder med headset foran en lagerhal;foto
34;34-systemer-forbundet-kabelboejle.jpg;Tech;Integrationer forklaret: sådan taler dine systemer sammen;https://smartpack.dk/viden/tech/integrationer-forklaret.html;Fotorealistisk. Dansk/nordeuropæisk lager i normal størrelse, ikke en amerikansk mega-hal. Dagslys eller neutralt hallys, let afdæmpede farver. Tingene skal se brugte ud, ikke som et showroom. Kamera i øjenhøjde eller let ovenfra. Ingen tekst nogen steder i billedet. Ingen firmanavne, varemærker eller læsbare labels. Ingen genkendelige ansigter, folk ses bagfra, fra siden eller beskåret. Bredformat 16:9. Nærbillede af pæne kabler i en bøjle der løber fra et kontor ud mod lagerhallen.;Kabler der løber fra kontor ud i lagerhallen;diagram
35;35-api-opsaetning-paa-skaerm.jpg;Tech;Lager API-integration: hvad det er, hvornår du har brug for det og hvad det koster;https://smartpack.dk/viden/tech/lager-api-integration.html;Fotorealistisk. Dansk/nordeuropæisk lager i normal størrelse, ikke en amerikansk mega-hal. Dagslys eller neutralt hallys, let afdæmpede farver. Tingene skal se brugte ud, ikke som et showroom. Kamera i øjenhøjde eller let ovenfra. Ingen tekst nogen steder i billedet. Ingen firmanavne, varemærker eller læsbare labels. Ingen genkendelige ansigter, folk ses bagfra, fra siden eller beskåret. Bredformat 16:9. Udvikler-arbejdsplads ved kanten af et lager, to skærme, den ene med en dataliste, lagerreoler ude af fokus.;Arbejdsplads med to skærme i udkanten af et lager;foto
36;36-automatiseret-lager-transportbaand.jpg;Tech;Lager-automatisering: teknologierne, priserne og hvornår de faktisk giver mening;https://smartpack.dk/viden/tech/lager-automatisering-teknologi.html;Fotorealistisk. Dansk/nordeuropæisk lager i normal størrelse, ikke en amerikansk mega-hal. Dagslys eller neutralt hallys, let afdæmpede farver. Tingene skal se brugte ud, ikke som et showroom. Kamera i øjenhøjde eller let ovenfra. Ingen tekst nogen steder i billedet. Ingen firmanavne, varemærker eller læsbare labels. Ingen genkendelige ansigter, folk ses bagfra, fra siden eller beskåret. Bredformat 16:9. Langt transportbånd med kasser i bevægelse gennem en moderne lagerhal, ingen mennesker i billedet.;Transportbånd med kasser i en automatiseret lagerhal;foto
37;37-systemvalg-tre-tilbud-paa-bord.jpg;Tech;Valg af lagersoftware: de 7 kriterier der afgør om du vælger rigtigt;https://smartpack.dk/viden/tech/lager-software-valg.html;Fotorealistisk. Dansk/nordeuropæisk lager i normal størrelse, ikke en amerikansk mega-hal. Dagslys eller neutralt hallys, let afdæmpede farver. Tingene skal se brugte ud, ikke som et showroom. Kamera i øjenhøjde eller let ovenfra. Ingen tekst nogen steder i billedet. Ingen firmanavne, varemærker eller læsbare labels. Ingen genkendelige ansigter, folk ses bagfra, fra siden eller beskåret. Bredformat 16:9. Mødebord med tre udprintede tilbudsmapper og en kop kaffe, lagerhal svagt synlig gennem glasvæg.;Tre tilbudsmapper på et mødebord;foto
38;38-varemodtagelse-med-foelgeseddel.jpg;Tech;Leverandørstyring i WMS: hvad ligger hvor?;https://smartpack.dk/viden/tech/leverandoerstyring.html;Fotorealistisk. Dansk/nordeuropæisk lager i normal størrelse, ikke en amerikansk mega-hal. Dagslys eller neutralt hallys, let afdæmpede farver. Tingene skal se brugte ud, ikke som et showroom. Kamera i øjenhøjde eller let ovenfra. Ingen tekst nogen steder i billedet. Ingen firmanavne, varemærker eller læsbare labels. Ingen genkendelige ansigter, folk ses bagfra, fra siden eller beskåret. Bredformat 16:9. Medarbejder ved en åben port tjekker en palle af mod en følgeseddel på et clipboard.;Medarbejder tjekker en palle mod en følgeseddel;foto
39;39-haandholdt-terminal-i-haand.jpg;Tech;Mobile scanning og enheder: hvad skal du bruge og hvad koster det?;https://smartpack.dk/viden/tech/mobile-scanning-lager.html;Fotorealistisk. Dansk/nordeuropæisk lager i normal størrelse, ikke en amerikansk mega-hal. Dagslys eller neutralt hallys, let afdæmpede farver. Tingene skal se brugte ud, ikke som et showroom. Kamera i øjenhøjde eller let ovenfra. Ingen tekst nogen steder i billedet. Ingen firmanavne, varemærker eller læsbare labels. Ingen genkendelige ansigter, folk ses bagfra, fra siden eller beskåret. Bredformat 16:9. Nærbillede af en robust håndholdt lagerterminal i en handske-hånd, reol ude af fokus bagved.;Håndholdt lagerterminal i en handske-hånd;foto
40;40-samme-lager-flere-salgskanaler.jpg;Tech;Multi-channel lager: håndter salg fra webshop, marketplace og B2B i ét system;https://smartpack.dk/viden/tech/multi-channel-lager.html;Fotorealistisk. Dansk/nordeuropæisk lager i normal størrelse, ikke en amerikansk mega-hal. Dagslys eller neutralt hallys, let afdæmpede farver. Tingene skal se brugte ud, ikke som et showroom. Kamera i øjenhøjde eller let ovenfra. Ingen tekst nogen steder i billedet. Ingen firmanavne, varemærker eller læsbare labels. Ingen genkendelige ansigter, folk ses bagfra, fra siden eller beskåret. Bredformat 16:9. Tre pakker med hver sin forskellige emballagetype på samme rullebane, ingen læsbare mærker.;Tre forskellige pakketyper på samme rullebane;foto
41;41-tom-plukplads-i-reol.jpg;Tech;Når varen ikke står på hylden: hvad plukkeren gør ved det;https://smartpack.dk/viden/tech/naar-varen-ikke-staar-paa-hylden.html;Fotorealistisk. Dansk/nordeuropæisk lager i normal størrelse, ikke en amerikansk mega-hal. Dagslys eller neutralt hallys, let afdæmpede farver. Tingene skal se brugte ud, ikke som et showroom. Kamera i øjenhøjde eller let ovenfra. Ingen tekst nogen steder i billedet. Ingen firmanavne, varemærker eller læsbare labels. Ingen genkendelige ansigter, folk ses bagfra, fra siden eller beskåret. Bredformat 16:9. Tom plukplads i en ellers fyldt reol, en hånd med terminal holdt op foran den tomme plads.;Tom plukplads i en fyldt reol;foto
42;42-ordre-stoppet-inden-pluk.jpg;Tech;Ordreændringer: hvad kundeservice selv kan klare, og hvad der er for sent;https://smartpack.dk/viden/tech/ordreaendringer-annulleringer.html;Fotorealistisk. Dansk/nordeuropæisk lager i normal størrelse, ikke en amerikansk mega-hal. Dagslys eller neutralt hallys, let afdæmpede farver. Tingene skal se brugte ud, ikke som et showroom. Kamera i øjenhøjde eller let ovenfra. Ingen tekst nogen steder i billedet. Ingen firmanavne, varemærker eller læsbare labels. Ingen genkendelige ansigter, folk ses bagfra, fra siden eller beskåret. Bredformat 16:9. Pluksedel der bliver taget af en vogn igen, vognen halvt fyldt, medarbejder i bevægelse.;Pluksedel tages af en halvfyldt plukkevogn;foto
43;43-pick-by-light-lys-i-reol.jpg;Tech;Pick-by-light: lysets rolle i fejlfri pluk;https://smartpack.dk/viden/tech/pick-by-light.html;Fotorealistisk. Dansk/nordeuropæisk lager i normal størrelse, ikke en amerikansk mega-hal. Dagslys eller neutralt hallys, let afdæmpede farver. Tingene skal se brugte ud, ikke som et showroom. Kamera i øjenhøjde eller let ovenfra. Ingen tekst nogen steder i billedet. Ingen firmanavne, varemærker eller læsbare labels. Ingen genkendelige ansigter, folk ses bagfra, fra siden eller beskåret. Bredformat 16:9. Reolfront med små displays hvor ét felt lyser grønt, resten er slukket. Halvmørk lagergang.;Reol med ét lysende pick-by-light-felt;foto
44;44-produktdata-vs-lagerplads.jpg;Tech;PIM vs. WMS: hvad er forskellen og hvornår har du brug for begge?;https://smartpack.dk/viden/tech/pim-vs-wms.html;Fotorealistisk. Dansk/nordeuropæisk lager i normal størrelse, ikke en amerikansk mega-hal. Dagslys eller neutralt hallys, let afdæmpede farver. Tingene skal se brugte ud, ikke som et showroom. Kamera i øjenhøjde eller let ovenfra. Ingen tekst nogen steder i billedet. Ingen firmanavne, varemærker eller læsbare labels. Ingen genkendelige ansigter, folk ses bagfra, fra siden eller beskåret. Bredformat 16:9. To skærme ved siden af hinanden på samme bord: den ene med produktbilleder, den anden med en pladsoversigt.;To skærme med produktdata og lagerpladser;foto
45;45-plukliste-paa-terminal.jpg;Tech;Plukprofiler: sådan styrer du hvilke ordrer der bliver plukket hvordan;https://smartpack.dk/viden/tech/plukprofiler.html;Fotorealistisk. Dansk/nordeuropæisk lager i normal størrelse, ikke en amerikansk mega-hal. Dagslys eller neutralt hallys, let afdæmpede farver. Tingene skal se brugte ud, ikke som et showroom. Kamera i øjenhøjde eller let ovenfra. Ingen tekst nogen steder i billedet. Ingen firmanavne, varemærker eller læsbare labels. Ingen genkendelige ansigter, folk ses bagfra, fra siden eller beskåret. Bredformat 16:9. Nærbillede af en terminalskærm med en kort plukliste, holdt op foran en reolgang.;Terminalskærm med plukliste foran en reolgang;foto
46;46-live-lagertal-paa-skaerm.jpg;Tech;Real-time beholdning: hvorfor forsinket lagerdata koster dig ordrer og penge;https://smartpack.dk/viden/tech/real-time-beholdning.html;Fotorealistisk. Dansk/nordeuropæisk lager i normal størrelse, ikke en amerikansk mega-hal. Dagslys eller neutralt hallys, let afdæmpede farver. Tingene skal se brugte ud, ikke som et showroom. Kamera i øjenhøjde eller let ovenfra. Ingen tekst nogen steder i billedet. Ingen firmanavne, varemærker eller læsbare labels. Ingen genkendelige ansigter, folk ses bagfra, fra siden eller beskåret. Bredformat 16:9. Væghængt skærm i lagerhallen med et stort tal og en simpel kurve, medarbejder går forbi i uskarphed.;Væghængt skærm med live lagertal;foto
47;47-dashboard-paa-vaegskaerm.jpg;Tech;Realtidstal på lageret: to slags dashboard;https://smartpack.dk/viden/tech/realtid-dashboard.html;Fotorealistisk. Dansk/nordeuropæisk lager i normal størrelse, ikke en amerikansk mega-hal. Dagslys eller neutralt hallys, let afdæmpede farver. Tingene skal se brugte ud, ikke som et showroom. Kamera i øjenhøjde eller let ovenfra. Ingen tekst nogen steder i billedet. Ingen firmanavne, varemærker eller læsbare labels. Ingen genkendelige ansigter, folk ses bagfra, fra siden eller beskåret. Bredformat 16:9. Stor vægskærm for enden af en lagerhal med fire simple tælleflader, hallen i dybden.;Stor vægskærm for enden af en lagerhal;foto
48;48-rfid-tag-paa-vare.jpg;Tech;RFID på lageret: hvornår giver det mening og hvad koster det?;https://smartpack.dk/viden/tech/rfid-paa-lager.html;Fotorealistisk. Dansk/nordeuropæisk lager i normal størrelse, ikke en amerikansk mega-hal. Dagslys eller neutralt hallys, let afdæmpede farver. Tingene skal se brugte ud, ikke som et showroom. Kamera i øjenhøjde eller let ovenfra. Ingen tekst nogen steder i billedet. Ingen firmanavne, varemærker eller læsbare labels. Ingen genkendelige ansigter, folk ses bagfra, fra siden eller beskåret. Bredformat 16:9. Nærbillede af et tyndt RFID-mærkat på bagsiden af en vare, en håndlæser ført henover.;RFID-mærkat på en vare med håndlæser;foto
49;49-webshop-ordre-til-lager.jpg;Tech;Shopify integration med WMS: komplet opsætningsguide;https://smartpack.dk/viden/tech/shopify-integration.html;Fotorealistisk. Dansk/nordeuropæisk lager i normal størrelse, ikke en amerikansk mega-hal. Dagslys eller neutralt hallys, let afdæmpede farver. Tingene skal se brugte ud, ikke som et showroom. Kamera i øjenhøjde eller let ovenfra. Ingen tekst nogen steder i billedet. Ingen firmanavne, varemærker eller læsbare labels. Ingen genkendelige ansigter, folk ses bagfra, fra siden eller beskåret. Bredformat 16:9. Bærbar med en ordreoversigt stående på et pakkebord, pakket kasse og tapepistol ved siden af.;Bærbar med ordreoversigt på et pakkebord;foto
50;50-udvikler-bygger-paa-lager.jpg;Tech;10 vilde ting du kan bygge med SmartPack API;https://smartpack.dk/viden/tech/smartpack-api-muligheder.html;Fotorealistisk. Dansk/nordeuropæisk lager i normal størrelse, ikke en amerikansk mega-hal. Dagslys eller neutralt hallys, let afdæmpede farver. Tingene skal se brugte ud, ikke som et showroom. Kamera i øjenhøjde eller let ovenfra. Ingen tekst nogen steder i billedet. Ingen firmanavne, varemærker eller læsbare labels. Ingen genkendelige ansigter, folk ses bagfra, fra siden eller beskåret. Bredformat 16:9. Udvikler med bærbar siddende på en palle midt i lagerhallen, kode ude af fokus på skærmen.;Udvikler med bærbar siddende på en palle;foto
51;51-stregkode-scannes-paa-vare.jpg;Tech;Stregkode-scanning på lageret: den billigste fejlreduktion du kan købe;https://smartpack.dk/viden/tech/stregkode-scanning-lager.html;Fotorealistisk. Dansk/nordeuropæisk lager i normal størrelse, ikke en amerikansk mega-hal. Dagslys eller neutralt hallys, let afdæmpede farver. Tingene skal se brugte ud, ikke som et showroom. Kamera i øjenhøjde eller let ovenfra. Ingen tekst nogen steder i billedet. Ingen firmanavne, varemærker eller læsbare labels. Ingen genkendelige ansigter, folk ses bagfra, fra siden eller beskåret. Bredformat 16:9. Nærbillede af en scanners rode streg hen over en stregkode på en æske.;Stregkode scannes på en æske;foto
52;52-eksport-af-data-til-regneark.jpg;Tech;Træk tal ud af dit WMS: sådan finder du eksporten;https://smartpack.dk/viden/tech/traek-tal-ud-af-dit-wms.html;Fotorealistisk. Dansk/nordeuropæisk lager i normal størrelse, ikke en amerikansk mega-hal. Dagslys eller neutralt hallys, let afdæmpede farver. Tingene skal se brugte ud, ikke som et showroom. Kamera i øjenhøjde eller let ovenfra. Ingen tekst nogen steder i billedet. Ingen firmanavne, varemærker eller læsbare labels. Ingen genkendelige ansigter, folk ses bagfra, fra siden eller beskåret. Bredformat 16:9. Skærm med en tabel og en åben eksportknap, kop kaffe og notesblok ved siden af, lager bagved.;Skærm med datatabel og eksportknap;foto
53;53-fejlet-ordre-paa-skaerm.jpg;Tech;Typiske integrationsfejl i lagerstyring: og hvordan du undgår dem;https://smartpack.dk/viden/tech/typiske-integrationsfejl.html;Fotorealistisk. Dansk/nordeuropæisk lager i normal størrelse, ikke en amerikansk mega-hal. Dagslys eller neutralt hallys, let afdæmpede farver. Tingene skal se brugte ud, ikke som et showroom. Kamera i øjenhøjde eller let ovenfra. Ingen tekst nogen steder i billedet. Ingen firmanavne, varemærker eller læsbare labels. Ingen genkendelige ansigter, folk ses bagfra, fra siden eller beskåret. Bredformat 16:9. Skærm med en ordreliste hvor én række er markeret rod, medarbejder læner sig ind for at kigge.;Ordreliste med én række markeret rod;foto
54;54-voice-picking-headset-paa-plukker.jpg;Tech;Voice picking: hvad det er, hvad det koster og hvornår det virker;https://smartpack.dk/viden/tech/voice-picking.html;Fotorealistisk. Dansk/nordeuropæisk lager i normal størrelse, ikke en amerikansk mega-hal. Dagslys eller neutralt hallys, let afdæmpede farver. Tingene skal se brugte ud, ikke som et showroom. Kamera i øjenhøjde eller let ovenfra. Ingen tekst nogen steder i billedet. Ingen firmanavne, varemærker eller læsbare labels. Ingen genkendelige ansigter, folk ses bagfra, fra siden eller beskåret. Bredformat 16:9. Plukker med let headset og mikrofon der tager en vare fra en hylde, hænderne fri.;Plukker med headset tager en vare fra hylden;foto
55;55-besked-sendt-mellem-systemer.jpg;Tech;Webhooks forklaret: realtidsnotifikationer til dit lagersystem;https://smartpack.dk/viden/tech/webhooks-forklaret.html;Fotorealistisk. Dansk/nordeuropæisk lager i normal størrelse, ikke en amerikansk mega-hal. Dagslys eller neutralt hallys, let afdæmpede farver. Tingene skal se brugte ud, ikke som et showroom. Kamera i øjenhøjde eller let ovenfra. Ingen tekst nogen steder i billedet. Ingen firmanavne, varemærker eller læsbare labels. Ingen genkendelige ansigter, folk ses bagfra, fra siden eller beskåret. Bredformat 16:9. Nærbillede af to små servere på en reolhylde med et enkelt patchkabel imellem.;To små servere forbundet med et patchkabel;diagram
56;56-to-systemer-samme-bord.jpg;Tech;WMS og ERP integration: sådan får du de to systemer til at tale sammen;https://smartpack.dk/viden/tech/wms-erp-integration.html;Fotorealistisk. Dansk/nordeuropæisk lager i normal størrelse, ikke en amerikansk mega-hal. Dagslys eller neutralt hallys, let afdæmpede farver. Tingene skal se brugte ud, ikke som et showroom. Kamera i øjenhøjde eller let ovenfra. Ingen tekst nogen steder i billedet. Ingen firmanavne, varemærker eller læsbare labels. Ingen genkendelige ansigter, folk ses bagfra, fra siden eller beskåret. Bredformat 16:9. Mødebord med to bærbare åbnet mod hinanden, lagerhal gennem glasvæg bagved.;To bærbare åbnet mod hinanden på et mødebord;foto
57;57-ordre-fra-webshop-paa-lager.jpg;Tech;WMS-integration med webshop: fundamentet for fejlfri ordrebehandling;https://smartpack.dk/viden/tech/wms-integration-webshop.html;Fotorealistisk. Dansk/nordeuropæisk lager i normal størrelse, ikke en amerikansk mega-hal. Dagslys eller neutralt hallys, let afdæmpede farver. Tingene skal se brugte ud, ikke som et showroom. Kamera i øjenhøjde eller let ovenfra. Ingen tekst nogen steder i billedet. Ingen firmanavne, varemærker eller læsbare labels. Ingen genkendelige ansigter, folk ses bagfra, fra siden eller beskåret. Bredformat 16:9. Printet pluksedel der lige er kørt ud af en printer på lageret, reoler bagved.;Pluksedel på vej ud af en printer på lageret;foto
58;58-lagerhal-og-kontor-side-om-side.jpg;Tech;WMS vs. ERP: hvad er forskellen, og hvornår skal du have begge?;https://smartpack.dk/viden/tech/wms-vs-erp.html;Fotorealistisk. Dansk/nordeuropæisk lager i normal størrelse, ikke en amerikansk mega-hal. Dagslys eller neutralt hallys, let afdæmpede farver. Tingene skal se brugte ud, ikke som et showroom. Kamera i øjenhøjde eller let ovenfra. Ingen tekst nogen steder i billedet. Ingen firmanavne, varemærker eller læsbare labels. Ingen genkendelige ansigter, folk ses bagfra, fra siden eller beskåret. Bredformat 16:9. Bred optagelse hvor lagerhallen fylder venstre halvdel og et lille kontor med skærme højre halvdel.;Lagerhal og kontor side om side;diagram
59;59-regneark-paa-papir-i-lagergang.jpg;Tech;WMS vs. Excel: hvornår er et regneark ikke nok?;https://smartpack.dk/viden/tech/wms-vs-excel.html;Fotorealistisk. Dansk/nordeuropæisk lager i normal størrelse, ikke en amerikansk mega-hal. Dagslys eller neutralt hallys, let afdæmpede farver. Tingene skal se brugte ud, ikke som et showroom. Kamera i øjenhøjde eller let ovenfra. Ingen tekst nogen steder i billedet. Ingen firmanavne, varemærker eller læsbare labels. Ingen genkendelige ansigter, folk ses bagfra, fra siden eller beskåret. Bredformat 16:9. Krollet udprintet regneark på en palle i en lagergang, kuglepenrettelser på arket.;Udprintet regneark med håndskrevne rettelser på en palle;foto
60;60-webshop-modul-paa-skaerm.jpg;Tech;WMS vs. Shopify: kan Shopify styre dit lager?;https://smartpack.dk/viden/tech/wms-vs-shopify.html;Fotorealistisk. Dansk/nordeuropæisk lager i normal størrelse, ikke en amerikansk mega-hal. Dagslys eller neutralt hallys, let afdæmpede farver. Tingene skal se brugte ud, ikke som et showroom. Kamera i øjenhøjde eller let ovenfra. Ingen tekst nogen steder i billedet. Ingen firmanavne, varemærker eller læsbare labels. Ingen genkendelige ansigter, folk ses bagfra, fra siden eller beskåret. Bredformat 16:9. Bærbar på et højt bord i lagerhallen med en simpel lageroversigt på skærmen.;Bærbar med lageroversigt på et højt bord i lagerhallen;foto
61;61-webshop-opsaetning-paa-lagerkontor.jpg;Tech;WooCommerce integration med WMS: opsætning og gotchas;https://smartpack.dk/viden/tech/woocommerce-integration.html;Fotorealistisk. Dansk/nordeuropæisk lager i normal størrelse, ikke en amerikansk mega-hal. Dagslys eller neutralt hallys, let afdæmpede farver. Tingene skal se brugte ud, ikke som et showroom. Kamera i øjenhøjde eller let ovenfra. Ingen tekst nogen steder i billedet. Ingen firmanavne, varemærker eller læsbare labels. Ingen genkendelige ansigter, folk ses bagfra, fra siden eller beskåret. Bredformat 16:9. Lille lagerkontor med to skærme og en kasse med varer på bordet, hal gennem vinduet.;Lagerkontor med to skærme og en vareæske;foto
62;62-anti-traethedsmaatte-ved-pakkebord.jpg;Hardware;Anti-træthedsmatter på lager: hvad de gør, hvad de koster og hvornår de er det værd;https://smartpack.dk/viden/hardware/anti-fatigue-maatter.html;Fotorealistisk. Dansk/nordeuropæisk lager i normal størrelse, ikke en amerikansk mega-hal. Dagslys eller neutralt hallys, let afdæmpede farver. Tingene skal se brugte ud, ikke som et showroom. Kamera i øjenhøjde eller let ovenfra. Ingen tekst nogen steder i billedet. Ingen firmanavne, varemærker eller læsbare labels. Ingen genkendelige ansigter, folk ses bagfra, fra siden eller beskåret. Bredformat 16:9. Nærbillede skråt nedefra af en sort skummåtte foran et pakkebord, et par arbejdssko stående på den.;Anti-træthedsmåtte med arbejdssko foran et pakkebord;foto
63;63-haevesaenkebord-i-to-hoejder.jpg;Hardware;Arbejdshøjde pakkebord: hvad der er korrekt og hvad forkert højde koster dig;https://smartpack.dk/viden/hardware/arbejdshoejde-pakkebord.html;Fotorealistisk. Dansk/nordeuropæisk lager i normal størrelse, ikke en amerikansk mega-hal. Dagslys eller neutralt hallys, let afdæmpede farver. Tingene skal se brugte ud, ikke som et showroom. Kamera i øjenhøjde eller let ovenfra. Ingen tekst nogen steder i billedet. Ingen firmanavne, varemærker eller læsbare labels. Ingen genkendelige ansigter, folk ses bagfra, fra siden eller beskåret. Bredformat 16:9. Pakkebord med hævesænkesøjler, en medarbejder står oprejst med albuer i ret vinkel over bordpladen.;Medarbejder ved et hævesænke-pakkebord;foto
64;64-tung-loeft-fra-nederste-hylde.jpg;Hardware;Ergonomi og fejlrate på lageret: sammenhængen der koster dig penge;https://smartpack.dk/viden/hardware/ergonomi-fejlrate.html;Fotorealistisk. Dansk/nordeuropæisk lager i normal størrelse, ikke en amerikansk mega-hal. Dagslys eller neutralt hallys, let afdæmpede farver. Tingene skal se brugte ud, ikke som et showroom. Kamera i øjenhøjde eller let ovenfra. Ingen tekst nogen steder i billedet. Ingen firmanavne, varemærker eller læsbare labels. Ingen genkendelige ansigter, folk ses bagfra, fra siden eller beskåret. Bredformat 16:9. Medarbejder der bøjer sig helt ned efter en kasse på nederste reolhylde, ryggen krum.;Medarbejder bøjer sig efter en kasse på nederste hylde;foto
65;65-god-arbejdsstilling-ved-pluk.jpg;Hardware;Ergonomi på lageret: hvad det koster ikke at prioritere det;https://smartpack.dk/viden/hardware/ergonomi-paa-lager.html;Fotorealistisk. Dansk/nordeuropæisk lager i normal størrelse, ikke en amerikansk mega-hal. Dagslys eller neutralt hallys, let afdæmpede farver. Tingene skal se brugte ud, ikke som et showroom. Kamera i øjenhøjde eller let ovenfra. Ingen tekst nogen steder i billedet. Ingen firmanavne, varemærker eller læsbare labels. Ingen genkendelige ansigter, folk ses bagfra, fra siden eller beskåret. Bredformat 16:9. Plukker der tager en vare fra en hylde i hoftehøjde med rank ryg, vogn tæt på.;Plukker med rank ryg tager en vare i hoftehøjde;foto
66;66-labelprinter-ved-pakkestation.jpg;Hardware;Fragtlabel-setup: printer, placering og det der går galt;https://smartpack.dk/viden/hardware/fragtlabel-setup.html;Fotorealistisk. Dansk/nordeuropæisk lager i normal størrelse, ikke en amerikansk mega-hal. Dagslys eller neutralt hallys, let afdæmpede farver. Tingene skal se brugte ud, ikke som et showroom. Kamera i øjenhøjde eller let ovenfra. Ingen tekst nogen steder i billedet. Ingen firmanavne, varemærker eller læsbare labels. Ingen genkendelige ansigter, folk ses bagfra, fra siden eller beskåret. Bredformat 16:9. Nærbillede af en termisk labelprinter der lige har kørt en fragtlabel ud, pakke klar ved siden af.;Termisk labelprinter med en fragtlabel på vej ud;foto
67;67-fire-slags-fyldmateriale.jpg;Hardware;Fyldmateriale til pakning: hvad der virker, hvad der koster for meget og hvad der er overflødigt;https://smartpack.dk/viden/hardware/fyldmateriale-valg.html;Fotorealistisk. Dansk/nordeuropæisk lager i normal størrelse, ikke en amerikansk mega-hal. Dagslys eller neutralt hallys, let afdæmpede farver. Tingene skal se brugte ud, ikke som et showroom. Kamera i øjenhøjde eller let ovenfra. Ingen tekst nogen steder i billedet. Ingen firmanavne, varemærker eller læsbare labels. Ingen genkendelige ansigter, folk ses bagfra, fra siden eller beskåret. Bredformat 16:9. Fire åbne kasser side om side med hver sit fyldmateriale: luftpuder, papir, skum og chips.;Fire kasser med forskelligt fyldmateriale;foto
68;68-udstyr-og-skaerm-paa-samme-bord.jpg;Hardware;Hardware vs. system: hvad giver mest effekt først?;https://smartpack.dk/viden/hardware/hardware-vs-system-effekt.html;Fotorealistisk. Dansk/nordeuropæisk lager i normal størrelse, ikke en amerikansk mega-hal. Dagslys eller neutralt hallys, let afdæmpede farver. Tingene skal se brugte ud, ikke som et showroom. Kamera i øjenhøjde eller let ovenfra. Ingen tekst nogen steder i billedet. Ingen firmanavne, varemærker eller læsbare labels. Ingen genkendelige ansigter, folk ses bagfra, fra siden eller beskåret. Bredformat 16:9. Pakkebord hvor værktøj og scanner ligger i venstre side og en skærm står i højre side.;Pakkebord med værktøj i den ene side og skærm i den anden;foto
69;69-nyt-udstyr-stadig-i-kasse.jpg;Hardware;Hvornår skal du investere i udstyr vs. software?;https://smartpack.dk/viden/hardware/investering-udstyr-vs-software.html;Fotorealistisk. Dansk/nordeuropæisk lager i normal størrelse, ikke en amerikansk mega-hal. Dagslys eller neutralt hallys, let afdæmpede farver. Tingene skal se brugte ud, ikke som et showroom. Kamera i øjenhøjde eller let ovenfra. Ingen tekst nogen steder i billedet. Ingen firmanavne, varemærker eller læsbare labels. Ingen genkendelige ansigter, folk ses bagfra, fra siden eller beskåret. Bredformat 16:9. Uåbnet kasse med nyt lagerudstyr stående ubenyttet op ad en reol, stov på toppen.;Uåbnet kasse med nyt udstyr op ad en reol;foto
70;70-manuel-og-elektrisk-pallelofter.jpg;Hardware;Manuel vs elektrisk palleløfter: hvornår skal du opgradere?;https://smartpack.dk/viden/hardware/manuel-vs-elektrisk-pallelofter.html;Fotorealistisk. Dansk/nordeuropæisk lager i normal størrelse, ikke en amerikansk mega-hal. Dagslys eller neutralt hallys, let afdæmpede farver. Tingene skal se brugte ud, ikke som et showroom. Kamera i øjenhøjde eller let ovenfra. Ingen tekst nogen steder i billedet. Ingen firmanavne, varemærker eller læsbare labels. Ingen genkendelige ansigter, folk ses bagfra, fra siden eller beskåret. Bredformat 16:9. Manuel palleløfter og elektrisk palleløfter stående ved siden af hinanden i en lagergang.;Manuel og elektrisk palleløfter side om side;foto
71;71-stor-kasse-lille-vare.jpg;Hardware;Overemballering og dens omkostning: hvad du betaler for luft;https://smartpack.dk/viden/hardware/overemballering-omkostning.html;Fotorealistisk. Dansk/nordeuropæisk lager i normal størrelse, ikke en amerikansk mega-hal. Dagslys eller neutralt hallys, let afdæmpede farver. Tingene skal se brugte ud, ikke som et showroom. Kamera i øjenhøjde eller let ovenfra. Ingen tekst nogen steder i billedet. Ingen firmanavne, varemærker eller læsbare labels. Ingen genkendelige ansigter, folk ses bagfra, fra siden eller beskåret. Bredformat 16:9. Stor papkasse åbnet med én lille vare i bunden og en masse luft omkring.;Stor kasse med én lille vare i bunden;foto
72;72-rodet-hjoerne-paa-lager.jpg;Hardware;De 10 mest oversete ting på et lager (der koster dig penge hver dag);https://smartpack.dk/viden/hardware/oversete-ting-paa-lager.html;Fotorealistisk. Dansk/nordeuropæisk lager i normal størrelse, ikke en amerikansk mega-hal. Dagslys eller neutralt hallys, let afdæmpede farver. Tingene skal se brugte ud, ikke som et showroom. Kamera i øjenhøjde eller let ovenfra. Ingen tekst nogen steder i billedet. Ingen firmanavne, varemærker eller læsbare labels. Ingen genkendelige ansigter, folk ses bagfra, fra siden eller beskåret. Bredformat 16:9. Overset hjørne af et lager: tom palle, lose kabler, en kost og et par kasser uden mærkning.;Rodet hjørne af et lager med tom palle og lose kabler;foto
73;73-koe-af-kasser-ved-pakkebord.jpg;Hardware;Pakkebordet er din flaskehals (du ved det bare ikke);https://smartpack.dk/viden/hardware/pakkebord-flaskehalsen.html;Fotorealistisk. Dansk/nordeuropæisk lager i normal størrelse, ikke en amerikansk mega-hal. Dagslys eller neutralt hallys, let afdæmpede farver. Tingene skal se brugte ud, ikke som et showroom. Kamera i øjenhøjde eller let ovenfra. Ingen tekst nogen steder i billedet. Ingen firmanavne, varemærker eller læsbare labels. Ingen genkendelige ansigter, folk ses bagfra, fra siden eller beskåret. Bredformat 16:9. Pakkebord med en lang kø af halvfærdige ordrer opmarcheret på rullebanen ved siden af.;Kø af ordrer på rullebanen ved et pakkebord;foto
74;74-velindrettet-pakkestation.jpg;Hardware;Pakkestation setup: sådan indretter du et effektivt pakkebord;https://smartpack.dk/viden/hardware/pakkestation-setup.html;Fotorealistisk. Dansk/nordeuropæisk lager i normal størrelse, ikke en amerikansk mega-hal. Dagslys eller neutralt hallys, let afdæmpede farver. Tingene skal se brugte ud, ikke som et showroom. Kamera i øjenhøjde eller let ovenfra. Ingen tekst nogen steder i billedet. Ingen firmanavne, varemærker eller læsbare labels. Ingen genkendelige ansigter, folk ses bagfra, fra siden eller beskåret. Bredformat 16:9. Ryddelig pakkestation set lige forfra: tape, kasser, fyld og printer inden for rækkevidde, intet overflødigt.;Ryddelig pakkestation med alt inden for rækkevidde;foto
75;75-plukkevogn-fuld-i-gang.jpg;Hardware;Plukkevognen bestemmer dit tempo: sådan vælger du rigtigt;https://smartpack.dk/viden/hardware/plukkevogn-bestemmer-dit-tempo.html;Fotorealistisk. Dansk/nordeuropæisk lager i normal størrelse, ikke en amerikansk mega-hal. Dagslys eller neutralt hallys, let afdæmpede farver. Tingene skal se brugte ud, ikke som et showroom. Kamera i øjenhøjde eller let ovenfra. Ingen tekst nogen steder i billedet. Ingen firmanavne, varemærker eller læsbare labels. Ingen genkendelige ansigter, folk ses bagfra, fra siden eller beskåret. Bredformat 16:9. Fuldt lastet plukkevogn parkeret midt i en smal reolgang, plukker på vej tilbage til den.;Fuldt lastet plukkevogn i en smal reolgang;foto
76;76-printer-i-armslaengde.jpg;Hardware;Printer-placering på pakkestation: de 8 sekunder der går tabt per pakke;https://smartpack.dk/viden/hardware/printer-placering-flow.html;Fotorealistisk. Dansk/nordeuropæisk lager i normal størrelse, ikke en amerikansk mega-hal. Dagslys eller neutralt hallys, let afdæmpede farver. Tingene skal se brugte ud, ikke som et showroom. Kamera i øjenhøjde eller let ovenfra. Ingen tekst nogen steder i billedet. Ingen firmanavne, varemærker eller læsbare labels. Ingen genkendelige ansigter, folk ses bagfra, fra siden eller beskåret. Bredformat 16:9. Pakkebord set fra siden hvor printeren står i armslængde fra pakkerens højre hånd.;Printer placeret i armslængde ved pakkebordet;foto
77;77-rullebane-mellem-pluk-og-pak.jpg;Hardware;Rullebaner på lager: hvornår de er pengene værd og hvornår de ikke er;https://smartpack.dk/viden/hardware/rullebaner-paa-lager.html;Fotorealistisk. Dansk/nordeuropæisk lager i normal størrelse, ikke en amerikansk mega-hal. Dagslys eller neutralt hallys, let afdæmpede farver. Tingene skal se brugte ud, ikke som et showroom. Kamera i øjenhøjde eller let ovenfra. Ingen tekst nogen steder i billedet. Ingen firmanavne, varemærker eller læsbare labels. Ingen genkendelige ansigter, folk ses bagfra, fra siden eller beskåret. Bredformat 16:9. Kort rullebane med tre kasser på vej fra plukområdet mod pakkestationen.;Rullebane med kasser mellem pluk og pak;foto
78;78-enkelt-og-flerordrevogn.jpg;Hardware;Single-order vs multi-order plukkevogn: hvornår skifter du?;https://smartpack.dk/viden/hardware/single-vs-multi-order-plukkevogn.html;Fotorealistisk. Dansk/nordeuropæisk lager i normal størrelse, ikke en amerikansk mega-hal. Dagslys eller neutralt hallys, let afdæmpede farver. Tingene skal se brugte ud, ikke som et showroom. Kamera i øjenhøjde eller let ovenfra. Ingen tekst nogen steder i billedet. Ingen firmanavne, varemærker eller læsbare labels. Ingen genkendelige ansigter, folk ses bagfra, fra siden eller beskåret. Bredformat 16:9. To plukkevogne ved siden af hinanden: én med en stor åben kurv, én med seks små opdelte rum.;Enkeltordrevogn og flerordrevogn side om side;foto
79;79-lang-lagergang-set-i-perspektiv.jpg;Hardware;Skridt per plukker som KPI: hvad det måler og hvad det ikke måler;https://smartpack.dk/viden/hardware/skridt-per-plukker.html;Fotorealistisk. Dansk/nordeuropæisk lager i normal størrelse, ikke en amerikansk mega-hal. Dagslys eller neutralt hallys, let afdæmpede farver. Tingene skal se brugte ud, ikke som et showroom. Kamera i øjenhøjde eller let ovenfra. Ingen tekst nogen steder i billedet. Ingen firmanavne, varemærker eller læsbare labels. Ingen genkendelige ansigter, folk ses bagfra, fra siden eller beskåret. Bredformat 16:9. Meget lang lagergang set fra gulvhøjde i perspektiv, en plukker langt væk som lille silhuet.;Lang lagergang med en plukker langt væk;foto
80;80-smaa-aendringer-paa-pakkebord.jpg;Hardware;Små forbedringer der sparer timer hver uge på lageret;https://smartpack.dk/viden/hardware/smaa-forbedringer-store-besparelser.html;Fotorealistisk. Dansk/nordeuropæisk lager i normal størrelse, ikke en amerikansk mega-hal. Dagslys eller neutralt hallys, let afdæmpede farver. Tingene skal se brugte ud, ikke som et showroom. Kamera i øjenhøjde eller let ovenfra. Ingen tekst nogen steder i billedet. Ingen firmanavne, varemærker eller læsbare labels. Ingen genkendelige ansigter, folk ses bagfra, fra siden eller beskåret. Bredformat 16:9. Pakkebord hvor tape, saks og labels lige er flyttet tættere på, gamle pladser markeret med lyse felter.;Pakkebord hvor værktøjet er flyttet tættere på;foto
81;81-standardkasser-og-specialkasse.jpg;Hardware;Standard vs. specialkasser: hvornår kan det betale sig;https://smartpack.dk/viden/hardware/standard-vs-specialkasser.html;Fotorealistisk. Dansk/nordeuropæisk lager i normal størrelse, ikke en amerikansk mega-hal. Dagslys eller neutralt hallys, let afdæmpede farver. Tingene skal se brugte ud, ikke som et showroom. Kamera i øjenhøjde eller let ovenfra. Ingen tekst nogen steder i billedet. Ingen firmanavne, varemærker eller læsbare labels. Ingen genkendelige ansigter, folk ses bagfra, fra siden eller beskåret. Bredformat 16:9. Stak af ens brune standardkasser ved siden af én speciallavet kasse i afvigende format.;Stak standardkasser ved siden af en specialkasse;foto
82;82-tapepistol-lukker-kasse.jpg;Hardware;Tape-pistolers effekt på pakketiden: valg og vedligehold;https://smartpack.dk/viden/hardware/tape-pistoler-effekt.html;Fotorealistisk. Dansk/nordeuropæisk lager i normal størrelse, ikke en amerikansk mega-hal. Dagslys eller neutralt hallys, let afdæmpede farver. Tingene skal se brugte ud, ikke som et showroom. Kamera i øjenhøjde eller let ovenfra. Ingen tekst nogen steder i billedet. Ingen firmanavne, varemærker eller læsbare labels. Ingen genkendelige ansigter, folk ses bagfra, fra siden eller beskåret. Bredformat 16:9. Nærbillede af en tapepistol der trekker tape hen over en kasseflap i én bevægelse.;Tapepistol lukker en kasse;foto
83;83-tape-inden-for-raekkevidde.jpg;Hardware;Tape-placering på pakkebordet: sådan sparer du sekunder per pakke;https://smartpack.dk/viden/hardware/tape-placering-paa-bord.html;Fotorealistisk. Dansk/nordeuropæisk lager i normal størrelse, ikke en amerikansk mega-hal. Dagslys eller neutralt hallys, let afdæmpede farver. Tingene skal se brugte ud, ikke som et showroom. Kamera i øjenhøjde eller let ovenfra. Ingen tekst nogen steder i billedet. Ingen firmanavne, varemærker eller læsbare labels. Ingen genkendelige ansigter, folk ses bagfra, fra siden eller beskåret. Bredformat 16:9. Pakkebord set lige oppefra hvor tapepistolen ligger i højre hånds naturlige hvileposition.;Tapepistol placeret hvor hånden naturligt hviler;foto
84;84-tre-slags-tape-ruller.jpg;Hardware;Tape-valg til lager: PP, PVC, papirtape og hvad der faktisk virker;https://smartpack.dk/viden/hardware/tape-valg-lager.html;Fotorealistisk. Dansk/nordeuropæisk lager i normal størrelse, ikke en amerikansk mega-hal. Dagslys eller neutralt hallys, let afdæmpede farver. Tingene skal se brugte ud, ikke som et showroom. Kamera i øjenhøjde eller let ovenfra. Ingen tekst nogen steder i billedet. Ingen firmanavne, varemærker eller læsbare labels. Ingen genkendelige ansigter, folk ses bagfra, fra siden eller beskåret. Bredformat 16:9. Tre taperuller side om side på et pakkebord: klar plast, brun plast og brun papirtape.;Tre forskellige taperuller på et pakkebord;foto
85;85-kassestoerrelser-i-raekke.jpg;Hardware;Valg af kasser til forsendelse: hvad koster det at vælge forkert;https://smartpack.dk/viden/hardware/valg-af-kasser.html;Fotorealistisk. Dansk/nordeuropæisk lager i normal størrelse, ikke en amerikansk mega-hal. Dagslys eller neutralt hallys, let afdæmpede farver. Tingene skal se brugte ud, ikke som et showroom. Kamera i øjenhøjde eller let ovenfra. Ingen tekst nogen steder i billedet. Ingen firmanavne, varemærker eller læsbare labels. Ingen genkendelige ansigter, folk ses bagfra, fra siden eller beskåret. Bredformat 16:9. Fem papkasser i stigende størrelse stillet op på række på et pakkebord.;Fem papkasser i stigende størrelse;foto
86;86-abc-zoner-markeret-paa-gulv.jpg;Fundamentals;ABC-analyse af sortiment: find dine vigtigste varer;https://smartpack.dk/viden/fundamentals/abc-analyse-sortiment.html;Fotorealistisk. Dansk/nordeuropæisk lager i normal størrelse, ikke en amerikansk mega-hal. Dagslys eller neutralt hallys, let afdæmpede farver. Tingene skal se brugte ud, ikke som et showroom. Kamera i øjenhøjde eller let ovenfra. Ingen tekst nogen steder i billedet. Ingen firmanavne, varemærker eller læsbare labels. Ingen genkendelige ansigter, folk ses bagfra, fra siden eller beskåret. Bredformat 16:9. Lagergulv med tre farvede zonemarkeringer i afstand fra pakkeområdet, reoler på hver side.;Lagergulv med tre farvede zonemarkeringer;diagram
87;87-cross-docking-port-til-port.jpg;Fundamentals;Hvad er cross-docking? Når varer ikke skal på lager;https://smartpack.dk/viden/fundamentals/hvad-er-cross-docking.html;Fotorealistisk. Dansk/nordeuropæisk lager i normal størrelse, ikke en amerikansk mega-hal. Dagslys eller neutralt hallys, let afdæmpede farver. Tingene skal se brugte ud, ikke som et showroom. Kamera i øjenhøjde eller let ovenfra. Ingen tekst nogen steder i billedet. Ingen firmanavne, varemærker eller læsbare labels. Ingen genkendelige ansigter, folk ses bagfra, fra siden eller beskåret. Bredformat 16:9. Bred hal med en indgående palle på vej direkte over gulvet mod en udgående port, ingen reoler imellem.;Palle køres direkte fra indgående til udgående port;diagram
88;88-optaelling-af-en-enkelt-hylde.jpg;Fundamentals;Hvad er cycle counting? Løbende lagerrevision forklaret;https://smartpack.dk/viden/fundamentals/hvad-er-cycle-counting.html;Fotorealistisk. Dansk/nordeuropæisk lager i normal størrelse, ikke en amerikansk mega-hal. Dagslys eller neutralt hallys, let afdæmpede farver. Tingene skal se brugte ud, ikke som et showroom. Kamera i øjenhøjde eller let ovenfra. Ingen tekst nogen steder i billedet. Ingen firmanavne, varemærker eller læsbare labels. Ingen genkendelige ansigter, folk ses bagfra, fra siden eller beskåret. Bredformat 16:9. Medarbejder der tæller varer på én hylde med terminal i hånden, resten af reolen urørt.;Medarbejder tæller varer på én enkelt hylde;foto
89;89-pakke-sendt-uden-om-lageret.jpg;Fundamentals;Hvad er dropshipping? Fordele, ulemper og hvornår det giver mening;https://smartpack.dk/viden/fundamentals/hvad-er-dropshipping.html;Fotorealistisk. Dansk/nordeuropæisk lager i normal størrelse, ikke en amerikansk mega-hal. Dagslys eller neutralt hallys, let afdæmpede farver. Tingene skal se brugte ud, ikke som et showroom. Kamera i øjenhøjde eller let ovenfra. Ingen tekst nogen steder i billedet. Ingen firmanavne, varemærker eller læsbare labels. Ingen genkendelige ansigter, folk ses bagfra, fra siden eller beskåret. Bredformat 16:9. Tom lagerhylde i forgrunden og en leveringsbil set gennem en åben port i baggrunden.;Tom lagerhylde med en leveringsbil i baggrunden;foto
90;90-fifo-aeldste-vare-forrest.jpg;Fundamentals;Hvad er FIFO? Forklaring og eksempler fra lageret;https://smartpack.dk/viden/fundamentals/hvad-er-fifo.html;Fotorealistisk. Dansk/nordeuropæisk lager i normal størrelse, ikke en amerikansk mega-hal. Dagslys eller neutralt hallys, let afdæmpede farver. Tingene skal se brugte ud, ikke som et showroom. Kamera i øjenhøjde eller let ovenfra. Ingen tekst nogen steder i billedet. Ingen firmanavne, varemærker eller læsbare labels. Ingen genkendelige ansigter, folk ses bagfra, fra siden eller beskåret. Bredformat 16:9. Reolplads hvor de forreste kasser er tydeligt ældre og stovede, de bagerste nye og rene.;Reolplads med ældre kasser forrest og nye bagerst;diagram
91;91-fra-ordre-til-faerdig-pakke.jpg;Fundamentals;Hvad er fulfillment? Fra ordre til pakke forklaret;https://smartpack.dk/viden/fundamentals/hvad-er-fulfillment.html;Fotorealistisk. Dansk/nordeuropæisk lager i normal størrelse, ikke en amerikansk mega-hal. Dagslys eller neutralt hallys, let afdæmpede farver. Tingene skal se brugte ud, ikke som et showroom. Kamera i øjenhøjde eller let ovenfra. Ingen tekst nogen steder i billedet. Ingen firmanavne, varemærker eller læsbare labels. Ingen genkendelige ansigter, folk ses bagfra, fra siden eller beskåret. Bredformat 16:9. Pakkebord set oppefra med pluksedel, åben kasse og færdig taped pakke i en række fra venstre mod højre.;Pluksedel, åben kasse og færdig pakke i række;foto
92;92-taelling-mod-systemtal.jpg;Fundamentals;Hvad er lagernøjagtighed (inventory accuracy)? Sådan måler og forbedrer du den;https://smartpack.dk/viden/fundamentals/hvad-er-inventory-accuracy.html;Fotorealistisk. Dansk/nordeuropæisk lager i normal størrelse, ikke en amerikansk mega-hal. Dagslys eller neutralt hallys, let afdæmpede farver. Tingene skal se brugte ud, ikke som et showroom. Kamera i øjenhøjde eller let ovenfra. Ingen tekst nogen steder i billedet. Ingen firmanavne, varemærker eller læsbare labels. Ingen genkendelige ansigter, folk ses bagfra, fra siden eller beskåret. Bredformat 16:9. Hånd med terminal holdt op mod en reolplads hvor der tydeligvis står færre kasser end der er plads til.;Terminal holdes op mod en halvtom reolplads;foto
93;93-vareflow-gennem-hallen.jpg;Fundamentals;Hvad er lagerflow? Sådan bevæger varer sig på lageret;https://smartpack.dk/viden/fundamentals/hvad-er-lagerflow.html;Fotorealistisk. Dansk/nordeuropæisk lager i normal størrelse, ikke en amerikansk mega-hal. Dagslys eller neutralt hallys, let afdæmpede farver. Tingene skal se brugte ud, ikke som et showroom. Kamera i øjenhøjde eller let ovenfra. Ingen tekst nogen steder i billedet. Ingen firmanavne, varemærker eller læsbare labels. Ingen genkendelige ansigter, folk ses bagfra, fra siden eller beskåret. Bredformat 16:9. Bred optagelse af en lagerhal hvor gulvmarkeringer viser en vej fra modtagelse over reoler til pakkeområde.;Lagerhal med gulvmarkeringer der viser vareflowet;diagram
94;94-overblik-over-lagerhal.jpg;Fundamentals;Hvad er lagerstyring? Den komplette forklaring;https://smartpack.dk/viden/fundamentals/hvad-er-lagerstyring.html;Fotorealistisk. Dansk/nordeuropæisk lager i normal størrelse, ikke en amerikansk mega-hal. Dagslys eller neutralt hallys, let afdæmpede farver. Tingene skal se brugte ud, ikke som et showroom. Kamera i øjenhøjde eller let ovenfra. Ingen tekst nogen steder i billedet. Ingen firmanavne, varemærker eller læsbare labels. Ingen genkendelige ansigter, folk ses bagfra, fra siden eller beskåret. Bredformat 16:9. Lagerhal set fra en højere position: reoler, pakkeområde og porte i samme billede.;Lagerhal set oppefra med reoler og pakkeområde;foto
95;95-ventende-palle-ved-porten.jpg;Fundamentals;Hvad er lead time? Leveringstid på lageret forklaret;https://smartpack.dk/viden/fundamentals/hvad-er-lead-time.html;Fotorealistisk. Dansk/nordeuropæisk lager i normal størrelse, ikke en amerikansk mega-hal. Dagslys eller neutralt hallys, let afdæmpede farver. Tingene skal se brugte ud, ikke som et showroom. Kamera i øjenhøjde eller let ovenfra. Ingen tekst nogen steder i billedet. Ingen firmanavne, varemærker eller læsbare labels. Ingen genkendelige ansigter, folk ses bagfra, fra siden eller beskåret. Bredformat 16:9. Enkelt wrappet palle der står alene ved en lukket port, resten af hallen tom.;Enkelt palle der venter ved en lukket port;foto
96;96-plukker-og-pakker-i-samme-hal.jpg;Fundamentals;Hvad er pluk og pak? Sådan fungerer det på lageret;https://smartpack.dk/viden/fundamentals/hvad-er-pluk-og-pak.html;Fotorealistisk. Dansk/nordeuropæisk lager i normal størrelse, ikke en amerikansk mega-hal. Dagslys eller neutralt hallys, let afdæmpede farver. Tingene skal se brugte ud, ikke som et showroom. Kamera i øjenhøjde eller let ovenfra. Ingen tekst nogen steder i billedet. Ingen firmanavne, varemærker eller læsbare labels. Ingen genkendelige ansigter, folk ses bagfra, fra siden eller beskåret. Bredformat 16:9. To medarbejdere i samme billede: én plukker i reolgangen, én pakker ved bordet i forgrunden.;Plukker i reolgangen og pakker ved bordet;foto
97;97-hylde-naesten-tom-bestilling.jpg;Fundamentals;Hvad er reorder point? Beregning og eksempler;https://smartpack.dk/viden/fundamentals/hvad-er-reorder-point.html;Fotorealistisk. Dansk/nordeuropæisk lager i normal størrelse, ikke en amerikansk mega-hal. Dagslys eller neutralt hallys, let afdæmpede farver. Tingene skal se brugte ud, ikke som et showroom. Kamera i øjenhøjde eller let ovenfra. Ingen tekst nogen steder i billedet. Ingen firmanavne, varemærker eller læsbare labels. Ingen genkendelige ansigter, folk ses bagfra, fra siden eller beskåret. Bredformat 16:9. Reolplads med kun to varer tilbage og en tydelig tom markering ved siden af.;Reolplads med kun to varer tilbage;diagram
98;98-bufferlager-bag-plukpladsen.jpg;Fundamentals;Hvad er safety stock? Sikkerhedslager forklaret;https://smartpack.dk/viden/fundamentals/hvad-er-safety-stock.html;Fotorealistisk. Dansk/nordeuropæisk lager i normal størrelse, ikke en amerikansk mega-hal. Dagslys eller neutralt hallys, let afdæmpede farver. Tingene skal se brugte ud, ikke som et showroom. Kamera i øjenhøjde eller let ovenfra. Ingen tekst nogen steder i billedet. Ingen firmanavne, varemærker eller læsbare labels. Ingen genkendelige ansigter, folk ses bagfra, fra siden eller beskåret. Bredformat 16:9. Plukplads i forgrunden og en reserve af samme vare stablet på pallereolen ovenover.;Plukplads med reservelager på reolen ovenover;foto
99;99-ekstra-paller-paa-hoejlager.jpg;Fundamentals;Hvad er sikkerhedslager? Formel, beregning og hvornår det er for meget;https://smartpack.dk/viden/fundamentals/hvad-er-sikkerhedslager.html;Fotorealistisk. Dansk/nordeuropæisk lager i normal størrelse, ikke en amerikansk mega-hal. Dagslys eller neutralt hallys, let afdæmpede farver. Tingene skal se brugte ud, ikke som et showroom. Kamera i øjenhøjde eller let ovenfra. Ingen tekst nogen steder i billedet. Ingen firmanavne, varemærker eller læsbare labels. Ingen genkendelige ansigter, folk ses bagfra, fra siden eller beskåret. Bredformat 16:9. Højlagerreol hvor de overste pladser er fyldt med reservepaller af samme vare.;Højlagerreol med reservepaller øverst;diagram
100;100-varenummer-paa-hyldekant.jpg;Fundamentals;Hvad er en SKU? Forklaring og eksempler fra lageret;https://smartpack.dk/viden/fundamentals/hvad-er-sku.html;Fotorealistisk. Dansk/nordeuropæisk lager i normal størrelse, ikke en amerikansk mega-hal. Dagslys eller neutralt hallys, let afdæmpede farver. Tingene skal se brugte ud, ikke som et showroom. Kamera i øjenhøjde eller let ovenfra. Ingen tekst nogen steder i billedet. Ingen firmanavne, varemærker eller læsbare labels. Ingen genkendelige ansigter, folk ses bagfra, fra siden eller beskåret. Bredformat 16:9. Nærbillede af et hyldekantsskilt med stregkode og varenummer på en reol.;Hyldekantsskilt med stregkode og varenummer;foto
101;101-lagerplan-paa-vaeg.jpg;Fundamentals;Warehouse layout: sådan indretter du et lager der virker;https://smartpack.dk/viden/fundamentals/hvad-er-warehouse-layout.html;Fotorealistisk. Dansk/nordeuropæisk lager i normal størrelse, ikke en amerikansk mega-hal. Dagslys eller neutralt hallys, let afdæmpede farver. Tingene skal se brugte ud, ikke som et showroom. Kamera i øjenhøjde eller let ovenfra. Ingen tekst nogen steder i billedet. Ingen firmanavne, varemærker eller læsbare labels. Ingen genkendelige ansigter, folk ses bagfra, fra siden eller beskåret. Bredformat 16:9. Udprintet plantegning af et lager hængt på en væg i hallen, reoler synlige bagved.;Plantegning af lageret hængt på en væg;foto
102;102-wms-skaerm-midt-i-hallen.jpg;Fundamentals;Hvad er et WMS? Den komplette introduktion;https://smartpack.dk/viden/fundamentals/hvad-er-wms.html;Fotorealistisk. Dansk/nordeuropæisk lager i normal størrelse, ikke en amerikansk mega-hal. Dagslys eller neutralt hallys, let afdæmpede farver. Tingene skal se brugte ud, ikke som et showroom. Kamera i øjenhøjde eller let ovenfra. Ingen tekst nogen steder i billedet. Ingen firmanavne, varemærker eller læsbare labels. Ingen genkendelige ansigter, folk ses bagfra, fra siden eller beskåret. Bredformat 16:9. Skærm på en rullestander midt i lagerhallen med en enkel ordreoversigt.;Skærm på rullestander midt i lagerhallen;foto
103;103-to-zoner-adskilt-af-markering.jpg;Fundamentals;Hvad er zone picking? Sådan opdeler du lageret for færre fejl;https://smartpack.dk/viden/fundamentals/hvad-er-zone-picking.html;Fotorealistisk. Dansk/nordeuropæisk lager i normal størrelse, ikke en amerikansk mega-hal. Dagslys eller neutralt hallys, let afdæmpede farver. Tingene skal se brugte ud, ikke som et showroom. Kamera i øjenhøjde eller let ovenfra. Ingen tekst nogen steder i billedet. Ingen firmanavne, varemærker eller læsbare labels. Ingen genkendelige ansigter, folk ses bagfra, fra siden eller beskåret. Bredformat 16:9. Lagergulv delt af en tydelig gul markering med en plukker på hver side.;Lagergulv delt i to zoner med en plukker i hver;diagram
104;104-hurtig-vare-placeret-forkert.jpg;Fundamentals;Slotting: hvad koster det ikke at placere varer rigtigt?;https://smartpack.dk/viden/fundamentals/slotting-hvad-koster-det-ikke.html;Fotorealistisk. Dansk/nordeuropæisk lager i normal størrelse, ikke en amerikansk mega-hal. Dagslys eller neutralt hallys, let afdæmpede farver. Tingene skal se brugte ud, ikke som et showroom. Kamera i øjenhøjde eller let ovenfra. Ingen tekst nogen steder i billedet. Ingen firmanavne, varemærker eller læsbare labels. Ingen genkendelige ansigter, folk ses bagfra, fra siden eller beskåret. Bredformat 16:9. Palle med en tydeligt hyppigt brugt vare placeret yderst i den fjerneste ende af hallen.;Hyppigt brugt vare placeret yderst i hallen;foto
105;105-kampagnevarer-klargjort-paa-paller.jpg;Vaekst;Håndtering af kampagner på lageret, fra panik til system;https://smartpack.dk/viden/vaekst/haandtering-af-kampagner.html;Fotorealistisk. Dansk/nordeuropæisk lager i normal størrelse, ikke en amerikansk mega-hal. Dagslys eller neutralt hallys, let afdæmpede farver. Tingene skal se brugte ud, ikke som et showroom. Kamera i øjenhøjde eller let ovenfra. Ingen tekst nogen steder i billedet. Ingen firmanavne, varemærker eller læsbare labels. Ingen genkendelige ansigter, folk ses bagfra, fra siden eller beskåret. Bredformat 16:9. Række af forberedte paller med ens varer stående klar langs en væg før en kampagne.;Forberedte kampagnepaller langs en lagervæg;foto
106;106-manuelt-og-automatisk-side-om-side.jpg;Vaekst;Hvornår giver automatisering mening på dit lager?;https://smartpack.dk/viden/vaekst/hvornaar-automatisering-giver-mening.html;Fotorealistisk. Dansk/nordeuropæisk lager i normal størrelse, ikke en amerikansk mega-hal. Dagslys eller neutralt hallys, let afdæmpede farver. Tingene skal se brugte ud, ikke som et showroom. Kamera i øjenhøjde eller let ovenfra. Ingen tekst nogen steder i billedet. Ingen firmanavne, varemærker eller læsbare labels. Ingen genkendelige ansigter, folk ses bagfra, fra siden eller beskåret. Bredformat 16:9. Lagerhal hvor et transportbånd løber i den ene side og manuel pakning foregår i den anden.;Transportbånd og manuel pakning i samme hal;foto
107;107-for-mange-toter-paa-vogn.jpg;Vaekst;Hvornår holder batch picking op med at virke?;https://smartpack.dk/viden/vaekst/hvornaar-batch-picking-stopper.html;Fotorealistisk. Dansk/nordeuropæisk lager i normal størrelse, ikke en amerikansk mega-hal. Dagslys eller neutralt hallys, let afdæmpede farver. Tingene skal se brugte ud, ikke som et showroom. Kamera i øjenhøjde eller let ovenfra. Ingen tekst nogen steder i billedet. Ingen firmanavne, varemærker eller læsbare labels. Ingen genkendelige ansigter, folk ses bagfra, fra siden eller beskåret. Bredformat 16:9. Overfyldt plukkevogn med toter stablet for højt og varer på vej til at vælte.;Overfyldt plukkevogn med for mange toter;foto
108;108-to-lagre-paa-danmarkskort.jpg;Vaekst;Hvornår skal du have flere lagerlokationer?;https://smartpack.dk/viden/vaekst/hvornaar-flere-lokationer.html;Fotorealistisk. Dansk/nordeuropæisk lager i normal størrelse, ikke en amerikansk mega-hal. Dagslys eller neutralt hallys, let afdæmpede farver. Tingene skal se brugte ud, ikke som et showroom. Kamera i øjenhøjde eller let ovenfra. Ingen tekst nogen steder i billedet. Ingen firmanavne, varemærker eller læsbare labels. Ingen genkendelige ansigter, folk ses bagfra, fra siden eller beskåret. Bredformat 16:9. To ens lagerhaller fotograferet udefra i samme billede, den ene tættere på, den anden langt væk.;To lagerhaller set udefra i samme billede;foto
109;109-reoler-flyttes-i-hallen.jpg;Vaekst;Hvornår skal dit lagerlayout ændres?;https://smartpack.dk/viden/vaekst/hvornaar-layout-skal-aendres.html;Fotorealistisk. Dansk/nordeuropæisk lager i normal størrelse, ikke en amerikansk mega-hal. Dagslys eller neutralt hallys, let afdæmpede farver. Tingene skal se brugte ud, ikke som et showroom. Kamera i øjenhøjde eller let ovenfra. Ingen tekst nogen steder i billedet. Ingen firmanavne, varemærker eller læsbare labels. Ingen genkendelige ansigter, folk ses bagfra, fra siden eller beskåret. Bredformat 16:9. Lagerhal midt i en omrokering: en reolsektion står tom og afmonteret, markeringer på gulvet.;Lagerhal under omrokering med en tom reolsektion;foto
110;110-kasser-i-gangen-pladsmangel.jpg;Vaekst;Hvornår knækker dit lager-setup?;https://smartpack.dk/viden/vaekst/hvornaar-setup-knaekker.html;Fotorealistisk. Dansk/nordeuropæisk lager i normal størrelse, ikke en amerikansk mega-hal. Dagslys eller neutralt hallys, let afdæmpede farver. Tingene skal se brugte ud, ikke som et showroom. Kamera i øjenhøjde eller let ovenfra. Ingen tekst nogen steder i billedet. Ingen firmanavne, varemærker eller læsbare labels. Ingen genkendelige ansigter, folk ses bagfra, fra siden eller beskåret. Bredformat 16:9. Lagergang delvist blokeret af kasser der er sat på gulvet fordi reolerne er fulde.;Lagergang blokeret af kasser på gulvet;foto
111;111-en-medarbejder-alene-i-hal.jpg;Vaekst;Hvornår skal du ansætte på lageret?;https://smartpack.dk/viden/vaekst/hvornaar-skal-du-ansaette.html;Fotorealistisk. Dansk/nordeuropæisk lager i normal størrelse, ikke en amerikansk mega-hal. Dagslys eller neutralt hallys, let afdæmpede farver. Tingene skal se brugte ud, ikke som et showroom. Kamera i øjenhøjde eller let ovenfra. Ingen tekst nogen steder i billedet. Ingen firmanavne, varemærker eller læsbare labels. Ingen genkendelige ansigter, folk ses bagfra, fra siden eller beskåret. Bredformat 16:9. Én medarbejder alene i en stor lagerhal med tydeligt mere arbejde end én person kan nå.;Én medarbejder alene i en stor lagerhal;foto
112;112-papirsedler-paa-lagerbord.jpg;Vaekst;Hvornår skal du have et WMS?;https://smartpack.dk/viden/vaekst/hvornaar-skal-du-have-wms.html;Fotorealistisk. Dansk/nordeuropæisk lager i normal størrelse, ikke en amerikansk mega-hal. Dagslys eller neutralt hallys, let afdæmpede farver. Tingene skal se brugte ud, ikke som et showroom. Kamera i øjenhøjde eller let ovenfra. Ingen tekst nogen steder i billedet. Ingen firmanavne, varemærker eller læsbare labels. Ingen genkendelige ansigter, folk ses bagfra, fra siden eller beskåret. Bredformat 16:9. Bunke håndskrevne plukseddel-lapper på et bord i lagerhallen, en kuglepen ovenpå.;Bunke håndskrevne pluksedler på et bord;foto
113;113-abc-zoner-set-fra-enden.jpg;Vaekst;Hvornår skal dit lager opdeles i zoner?;https://smartpack.dk/viden/vaekst/hvornaar-skal-lager-opdeles.html;Fotorealistisk. Dansk/nordeuropæisk lager i normal størrelse, ikke en amerikansk mega-hal. Dagslys eller neutralt hallys, let afdæmpede farver. Tingene skal se brugte ud, ikke som et showroom. Kamera i øjenhøjde eller let ovenfra. Ingen tekst nogen steder i billedet. Ingen firmanavne, varemærker eller læsbare labels. Ingen genkendelige ansigter, folk ses bagfra, fra siden eller beskåret. Bredformat 16:9. Lagerhal set fra pakkeområdet ned gennem gangene, de nærmeste reoler tydeligt mest brugte.;Lagerhal set fra pakkeområdet ned gennem gangene;foto
114;114-hal-fyldt-til-loftet.jpg;Vaekst;Hvornår vokser du fra dit lager?;https://smartpack.dk/viden/vaekst/hvornaar-vokser-du-fra-dit-lager.html;Fotorealistisk. Dansk/nordeuropæisk lager i normal størrelse, ikke en amerikansk mega-hal. Dagslys eller neutralt hallys, let afdæmpede farver. Tingene skal se brugte ud, ikke som et showroom. Kamera i øjenhøjde eller let ovenfra. Ingen tekst nogen steder i billedet. Ingen firmanavne, varemærker eller læsbare labels. Ingen genkendelige ansigter, folk ses bagfra, fra siden eller beskåret. Bredformat 16:9. Lagerhal hvor der er stablet varer helt op under loftet og ud i gangene.;Lagerhal fyldt med varer helt op under loftet;foto
115;115-fuld-udgangsrampe.jpg;Vaekst;Kapacitetsgrænser på lageret, kend dem før du rammer dem;https://smartpack.dk/viden/vaekst/kapacitetsgraenser-lager.html;Fotorealistisk. Dansk/nordeuropæisk lager i normal størrelse, ikke en amerikansk mega-hal. Dagslys eller neutralt hallys, let afdæmpede farver. Tingene skal se brugte ud, ikke som et showroom. Kamera i øjenhøjde eller let ovenfra. Ingen tekst nogen steder i billedet. Ingen firmanavne, varemærker eller læsbare labels. Ingen genkendelige ansigter, folk ses bagfra, fra siden eller beskåret. Bredformat 16:9. Udgangsrampe helt fyldt med færdige pakker der venter på afhentning, ingen plads tilbage.;Udgangsrampe helt fyldt med færdige pakker;foto
116;116-lagerhal-med-aaben-port-mod-lyset.jpg;Vaekst;Lagerets rolle i din vækst, motor eller håndbrems?;https://smartpack.dk/viden/vaekst/lagerets-rolle-i-vaekst.html;Fotorealistisk. Dansk/nordeuropæisk lager i normal størrelse, ikke en amerikansk mega-hal. Dagslys eller neutralt hallys, let afdæmpede farver. Tingene skal se brugte ud, ikke som et showroom. Kamera i øjenhøjde eller let ovenfra. Ingen tekst nogen steder i billedet. Ingen firmanavne, varemærker eller læsbare labels. Ingen genkendelige ansigter, folk ses bagfra, fra siden eller beskåret. Bredformat 16:9. Lagerhal indefra med en stor åben port mod dagslyset, paller på vej ud.;Lagerhal med åben port og paller på vej ud;foto
117;117-to-plukkere-forskelligt-tempo.jpg;Vaekst;Ordrer pr. medarbejder, nøgletallet de fleste lagre aldrig måler;https://smartpack.dk/viden/vaekst/ordrer-pr-medarbejder.html;Fotorealistisk. Dansk/nordeuropæisk lager i normal størrelse, ikke en amerikansk mega-hal. Dagslys eller neutralt hallys, let afdæmpede farver. Tingene skal se brugte ud, ikke som et showroom. Kamera i øjenhøjde eller let ovenfra. Ingen tekst nogen steder i billedet. Ingen firmanavne, varemærker eller læsbare labels. Ingen genkendelige ansigter, folk ses bagfra, fra siden eller beskåret. Bredformat 16:9. To plukkere i samme gang, den ene med fuld vogn, den anden med næsten tom.;To plukkere i samme gang med forskelligt fyldte vogne;foto
118;118-opmarkeret-hal-med-faste-pladser.jpg;Vaekst;Skalering uden kaos, sådan vækster du dit lager planmæssigt;https://smartpack.dk/viden/vaekst/skalering-uden-kaos.html;Fotorealistisk. Dansk/nordeuropæisk lager i normal størrelse, ikke en amerikansk mega-hal. Dagslys eller neutralt hallys, let afdæmpede farver. Tingene skal se brugte ud, ikke som et showroom. Kamera i øjenhøjde eller let ovenfra. Ingen tekst nogen steder i billedet. Ingen firmanavne, varemærker eller læsbare labels. Ingen genkendelige ansigter, folk ses bagfra, fra siden eller beskåret. Bredformat 16:9. Ryddelig lagerhal med tydelige gulvmarkeringer, ens toter og faste pladser til alt.;Ryddelig lagerhal med tydelige gulvmarkeringer;foto
119;119-beskadiget-vare-fra-retur.jpg;Retur;Beskadigede returvarer: hvad du gør når varen ikke kan sælges igen;https://smartpack.dk/viden/retur/beskadigede-returvarer.html;Fotorealistisk. Dansk/nordeuropæisk lager i normal størrelse, ikke en amerikansk mega-hal. Dagslys eller neutralt hallys, let afdæmpede farver. Tingene skal se brugte ud, ikke som et showroom. Kamera i øjenhøjde eller let ovenfra. Ingen tekst nogen steder i billedet. Ingen firmanavne, varemærker eller læsbare labels. Ingen genkendelige ansigter, folk ses bagfra, fra siden eller beskåret. Bredformat 16:9. Åbnet returpakke på et bord med en tydeligt beskadiget vare og krollet emballage ved siden af.;Åbnet returpakke med en beskadiget vare;foto
120;120-returaarsager-paa-skaerm.jpg;Retur;Forebyg returner med bedre data: hvad siger tallene;https://smartpack.dk/viden/retur/forebyg-returner-med-bedre-data.html;Fotorealistisk. Dansk/nordeuropæisk lager i normal størrelse, ikke en amerikansk mega-hal. Dagslys eller neutralt hallys, let afdæmpede farver. Tingene skal se brugte ud, ikke som et showroom. Kamera i øjenhøjde eller let ovenfra. Ingen tekst nogen steder i billedet. Ingen firmanavne, varemærker eller læsbare labels. Ingen genkendelige ansigter, folk ses bagfra, fra siden eller beskåret. Bredformat 16:9. Skærm med en simpel søjlegraf ved siden af en stak returvarer på et bord.;Skærm med søjlegraf ved siden af returvarer;foto
121;121-returkontrol-med-tjekliste.jpg;Retur;Kontrol af returvarer: hvad tjekker du og hvordan;https://smartpack.dk/viden/retur/kontrol-af-returvarer.html;Fotorealistisk. Dansk/nordeuropæisk lager i normal størrelse, ikke en amerikansk mega-hal. Dagslys eller neutralt hallys, let afdæmpede farver. Tingene skal se brugte ud, ikke som et showroom. Kamera i øjenhøjde eller let ovenfra. Ingen tekst nogen steder i billedet. Ingen firmanavne, varemærker eller læsbare labels. Ingen genkendelige ansigter, folk ses bagfra, fra siden eller beskåret. Bredformat 16:9. Medarbejder der efterser en returneret vare under god belysning med en tjekliste ved siden af.;Medarbejder efterser en returneret vare;foto
122;122-genlukkelig-returpose.jpg;Retur;Returemballage: sådan pakker du så returer går glat;https://smartpack.dk/viden/retur/retur-emballage.html;Fotorealistisk. Dansk/nordeuropæisk lager i normal størrelse, ikke en amerikansk mega-hal. Dagslys eller neutralt hallys, let afdæmpede farver. Tingene skal se brugte ud, ikke som et showroom. Kamera i øjenhøjde eller let ovenfra. Ingen tekst nogen steder i billedet. Ingen firmanavne, varemærker eller læsbare labels. Ingen genkendelige ansigter, folk ses bagfra, fra siden eller beskåret. Bredformat 16:9. Nærbillede af en pakke med dobbeltklæbende returlukning, fingeren på strimlen.;Pakke med dobbeltklæbende returlukning;foto
123;123-udenlandsk-returpakke-med-toldpapir.jpg;Retur;Returner fra udlandet: regler, logistik og økonomi;https://smartpack.dk/viden/retur/retur-fra-udlandet.html;Fotorealistisk. Dansk/nordeuropæisk lager i normal størrelse, ikke en amerikansk mega-hal. Dagslys eller neutralt hallys, let afdæmpede farver. Tingene skal se brugte ud, ikke som et showroom. Kamera i øjenhøjde eller let ovenfra. Ingen tekst nogen steder i billedet. Ingen firmanavne, varemærker eller læsbare labels. Ingen genkendelige ansigter, folk ses bagfra, fra siden eller beskåret. Bredformat 16:9. Returpakke med toldmærkat og udenlandsk adresselabel på et modtagebord. Ingen læsbare navne.;Returpakke med toldmærkat på et modtagebord;foto
124;124-kunde-pakker-retur-derhjemme.jpg;Retur;Retur og kundetilfredshed: sammenhængen de fleste overser;https://smartpack.dk/viden/retur/retur-og-kundetilfredshed.html;Fotorealistisk. Dansk/nordeuropæisk lager i normal størrelse, ikke en amerikansk mega-hal. Dagslys eller neutralt hallys, let afdæmpede farver. Tingene skal se brugte ud, ikke som et showroom. Kamera i øjenhøjde eller let ovenfra. Ingen tekst nogen steder i billedet. Ingen firmanavne, varemærker eller læsbare labels. Ingen genkendelige ansigter, folk ses bagfra, fra siden eller beskåret. Bredformat 16:9. Personens hænder der lukker en returpakke ved et køkkenbord, ansigt ikke synligt.;Hænder der lukker en returpakke ved et bord;foto
125;125-returlabel-paa-telefon.jpg;Retur;Returportalen: sådan beholder du flere af pengene i din egen forretning;https://smartpack.dk/viden/retur/retur-portal-selvbetjening.html;Fotorealistisk. Dansk/nordeuropæisk lager i normal størrelse, ikke en amerikansk mega-hal. Dagslys eller neutralt hallys, let afdæmpede farver. Tingene skal se brugte ud, ikke som et showroom. Kamera i øjenhøjde eller let ovenfra. Ingen tekst nogen steder i billedet. Ingen firmanavne, varemærker eller læsbare labels. Ingen genkendelige ansigter, folk ses bagfra, fra siden eller beskåret. Bredformat 16:9. Telefon med en fragtlabel-QR på skærmen holdt op over en klar returpakke.;Telefon med returlabel holdt over en pakke;foto
126;126-samme-vare-to-stoerrelser.jpg;Retur;Retur vs. ombytning: hvornår er hvad bedst for din webshop;https://smartpack.dk/viden/retur/retur-vs-ombytning.html;Fotorealistisk. Dansk/nordeuropæisk lager i normal størrelse, ikke en amerikansk mega-hal. Dagslys eller neutralt hallys, let afdæmpede farver. Tingene skal se brugte ud, ikke som et showroom. Kamera i øjenhøjde eller let ovenfra. Ingen tekst nogen steder i billedet. Ingen firmanavne, varemærker eller læsbare labels. Ingen genkendelige ansigter, folk ses bagfra, fra siden eller beskåret. Bredformat 16:9. To ens varer i forskellig størrelse ved siden af hinanden på et returbord.;To ens varer i forskellig størrelse på et returbord;foto
127;127-returomraade-paa-lager.jpg;Retur;Returhåndtering for webshops: Sådan styrer du returvarer;https://smartpack.dk/viden/retur/returhaandtering-webshop.html;Fotorealistisk. Dansk/nordeuropæisk lager i normal størrelse, ikke en amerikansk mega-hal. Dagslys eller neutralt hallys, let afdæmpede farver. Tingene skal se brugte ud, ikke som et showroom. Kamera i øjenhøjde eller let ovenfra. Ingen tekst nogen steder i billedet. Ingen firmanavne, varemærker eller læsbare labels. Ingen genkendelige ansigter, folk ses bagfra, fra siden eller beskåret. Bredformat 16:9. Fast returområde på lageret med mærkede bakker til godkendt, tjek og kasseret.;Returområde med mærkede bakker;foto
128;128-b-varer-klar-til-gensalg.jpg;Retur;Returlogistik: fra tab til neutral, sådan minimerer du returomkostningerne;https://smartpack.dk/viden/retur/returlogistik-fra-tab-til-neutral.html;Fotorealistisk. Dansk/nordeuropæisk lager i normal størrelse, ikke en amerikansk mega-hal. Dagslys eller neutralt hallys, let afdæmpede farver. Tingene skal se brugte ud, ikke som et showroom. Kamera i øjenhøjde eller let ovenfra. Ingen tekst nogen steder i billedet. Ingen firmanavne, varemærker eller læsbare labels. Ingen genkendelige ansigter, folk ses bagfra, fra siden eller beskåret. Bredformat 16:9. Hylde med ryddeligt opstillede B-varer klar til gensalg, hver med et lille mærkat.;Hylde med B-varer klar til gensalg;foto
129;129-retur-stabel-vokser.jpg;Retur;Hvad koster en retur? De rigtige tal;https://smartpack.dk/viden/retur/returomkostninger.html;Fotorealistisk. Dansk/nordeuropæisk lager i normal størrelse, ikke en amerikansk mega-hal. Dagslys eller neutralt hallys, let afdæmpede farver. Tingene skal se brugte ud, ikke som et showroom. Kamera i øjenhøjde eller let ovenfra. Ingen tekst nogen steder i billedet. Ingen firmanavne, varemærker eller læsbare labels. Ingen genkendelige ansigter, folk ses bagfra, fra siden eller beskåret. Bredformat 16:9. Stabel af uåbnede returpakker der er ved at vokse ud over bordet i et returområde.;Voksende stabel af uåbnede returpakker;diagram
130;130-returbakker-fra-flere-varegrupper.jpg;Retur;Returrate benchmarks: hvad er normalt i din branche?;https://smartpack.dk/viden/retur/returrate-benchmarks.html;Fotorealistisk. Dansk/nordeuropæisk lager i normal størrelse, ikke en amerikansk mega-hal. Dagslys eller neutralt hallys, let afdæmpede farver. Tingene skal se brugte ud, ikke som et showroom. Kamera i øjenhøjde eller let ovenfra. Ingen tekst nogen steder i billedet. Ingen firmanavne, varemærker eller læsbare labels. Ingen genkendelige ansigter, folk ses bagfra, fra siden eller beskåret. Bredformat 16:9. Tre returbakker med tydeligt forskellige varetyper: tøj, elektronik og små hverdagsvarer.;Tre returbakker med forskellige varetyper;foto
131;131-retur-scannes-ind.jpg;Retur;WMS og returhåndtering: sådan automatiserer du din returproces;https://smartpack.dk/viden/retur/wms-og-retur.html;Fotorealistisk. Dansk/nordeuropæisk lager i normal størrelse, ikke en amerikansk mega-hal. Dagslys eller neutralt hallys, let afdæmpede farver. Tingene skal se brugte ud, ikke som et showroom. Kamera i øjenhøjde eller let ovenfra. Ingen tekst nogen steder i billedet. Ingen firmanavne, varemærker eller læsbare labels. Ingen genkendelige ansigter, folk ses bagfra, fra siden eller beskåret. Bredformat 16:9. Medarbejder der scanner en returneret vare ind ved et modtagebord, skærm ved siden af.;Medarbejder scanner en returneret vare ind;foto
132;132-eget-lager-eller-lagerhotel.jpg;Beslutning;3PL eller eget lager? Sådan regner du på det;https://smartpack.dk/viden/beslutning/3pl-vs-eget-lager.html;Fotorealistisk. Dansk/nordeuropæisk lager i normal størrelse, ikke en amerikansk mega-hal. Dagslys eller neutralt hallys, let afdæmpede farver. Tingene skal se brugte ud, ikke som et showroom. Kamera i øjenhøjde eller let ovenfra. Ingen tekst nogen steder i billedet. Ingen firmanavne, varemærker eller læsbare labels. Ingen genkendelige ansigter, folk ses bagfra, fra siden eller beskåret. Bredformat 16:9. To lagerhaller set udefra i samme billede: en lille egen hal og en stor fælleshal.;Lille egen lagerhal og stor fælleshal set udefra;foto
133;133-systemvalg-med-notesblok.jpg;Beslutning;Bedste WMS til webshop: hvad du skal kigge efter;https://smartpack.dk/viden/beslutning/bedste-wms-til-webshop.html;Fotorealistisk. Dansk/nordeuropæisk lager i normal størrelse, ikke en amerikansk mega-hal. Dagslys eller neutralt hallys, let afdæmpede farver. Tingene skal se brugte ud, ikke som et showroom. Kamera i øjenhøjde eller let ovenfra. Ingen tekst nogen steder i billedet. Ingen firmanavne, varemærker eller læsbare labels. Ingen genkendelige ansigter, folk ses bagfra, fra siden eller beskåret. Bredformat 16:9. Notesblok med håndskrevne krav-punkter på et bord ved siden af en bærbar, lager bagved.;Notesblok med krav-punkter ved siden af en bærbar;foto
134;134-serverskab-og-skyloesning.jpg;Beslutning;Cloud eller on-premise WMS? Sådan vælger du;https://smartpack.dk/viden/beslutning/cloud-vs-on-premise-wms.html;Fotorealistisk. Dansk/nordeuropæisk lager i normal størrelse, ikke en amerikansk mega-hal. Dagslys eller neutralt hallys, let afdæmpede farver. Tingene skal se brugte ud, ikke som et showroom. Kamera i øjenhøjde eller let ovenfra. Ingen tekst nogen steder i billedet. Ingen firmanavne, varemærker eller læsbare labels. Ingen genkendelige ansigter, folk ses bagfra, fra siden eller beskåret. Bredformat 16:9. Gammelt serverskab i et hjørne af lageret ved siden af en moderne bærbar på en palle.;Gammelt serverskab ved siden af en bærbar;foto
135;135-stopur-og-plukkevogn.jpg;Beslutning;Hvad er god nok plukkehastighed? Benchmarks og hvornår du skal gøre noget;https://smartpack.dk/viden/beslutning/godt-nok-plukkehastighed.html;Fotorealistisk. Dansk/nordeuropæisk lager i normal størrelse, ikke en amerikansk mega-hal. Dagslys eller neutralt hallys, let afdæmpede farver. Tingene skal se brugte ud, ikke som et showroom. Kamera i øjenhøjde eller let ovenfra. Ingen tekst nogen steder i billedet. Ingen firmanavne, varemærker eller læsbare labels. Ingen genkendelige ansigter, folk ses bagfra, fra siden eller beskåret. Bredformat 16:9. Nærbillede af en telefon med stopur i hånden foran en plukkevogn i en gang.;Stopur på en telefon foran en plukkevogn;foto
136;136-fyldt-lager-bundet-kapital.jpg;Beslutning;Hvornår er lager en omkostning og hvornår er det en investering?;https://smartpack.dk/viden/beslutning/hvornaar-er-lager-en-omkostning.html;Fotorealistisk. Dansk/nordeuropæisk lager i normal størrelse, ikke en amerikansk mega-hal. Dagslys eller neutralt hallys, let afdæmpede farver. Tingene skal se brugte ud, ikke som et showroom. Kamera i øjenhøjde eller let ovenfra. Ingen tekst nogen steder i billedet. Ingen firmanavne, varemærker eller læsbare labels. Ingen genkendelige ansigter, folk ses bagfra, fra siden eller beskåret. Bredformat 16:9. Højlager helt fyldt med ens paller set i perspektiv, ingen mennesker.;Højlager helt fyldt med ens paller;foto
137;137-regnskabssystem-paa-lagerkontor.jpg;Beslutning;Hvornår er dit ERP's lagermodul ikke nok?;https://smartpack.dk/viden/beslutning/hvornaar-erp-ikke-er-nok.html;Fotorealistisk. Dansk/nordeuropæisk lager i normal størrelse, ikke en amerikansk mega-hal. Dagslys eller neutralt hallys, let afdæmpede farver. Tingene skal se brugte ud, ikke som et showroom. Kamera i øjenhøjde eller let ovenfra. Ingen tekst nogen steder i billedet. Ingen firmanavne, varemærker eller læsbare labels. Ingen genkendelige ansigter, folk ses bagfra, fra siden eller beskåret. Bredformat 16:9. Ældre kontorskærm med et regnskabssystem stående i et lille rum lige ved lagerhallen.;Regnskabssystem på en skærm i et lagerkontor;foto
138;138-regneark-med-fejl-paa-skaerm.jpg;Beslutning;Hvornår fejler Excel som lagerstyring?;https://smartpack.dk/viden/beslutning/hvornaar-excel-fejler.html;Fotorealistisk. Dansk/nordeuropæisk lager i normal størrelse, ikke en amerikansk mega-hal. Dagslys eller neutralt hallys, let afdæmpede farver. Tingene skal se brugte ud, ikke som et showroom. Kamera i øjenhøjde eller let ovenfra. Ingen tekst nogen steder i billedet. Ingen firmanavne, varemærker eller læsbare labels. Ingen genkendelige ansigter, folk ses bagfra, fra siden eller beskåret. Bredformat 16:9. Skærm med et stort uoverskueligt regneark, en hånd peger på en celle.;Stort uoverskueligt regneark på en skærm;foto
139;139-gammelt-udstyr-erstattes.jpg;Beslutning;Hvornår skal du skifte system? 7 klare tegn;https://smartpack.dk/viden/beslutning/hvornaar-skifte-system.html;Fotorealistisk. Dansk/nordeuropæisk lager i normal størrelse, ikke en amerikansk mega-hal. Dagslys eller neutralt hallys, let afdæmpede farver. Tingene skal se brugte ud, ikke som et showroom. Kamera i øjenhøjde eller let ovenfra. Ingen tekst nogen steder i billedet. Ingen firmanavne, varemærker eller læsbare labels. Ingen genkendelige ansigter, folk ses bagfra, fra siden eller beskåret. Bredformat 16:9. Gammel slidt lagerterminal liggende ved siden af en ny og ubrugt, begge på samme bord.;Gammel og ny lagerterminal på samme bord;foto
140;140-udvikling-paa-whiteboard.jpg;Beslutning;Skal du bygge dit eget WMS? Her er sandheden;https://smartpack.dk/viden/beslutning/skal-du-bygge-selv.html;Fotorealistisk. Dansk/nordeuropæisk lager i normal størrelse, ikke en amerikansk mega-hal. Dagslys eller neutralt hallys, let afdæmpede farver. Tingene skal se brugte ud, ikke som et showroom. Kamera i øjenhøjde eller let ovenfra. Ingen tekst nogen steder i billedet. Ingen firmanavne, varemærker eller læsbare labels. Ingen genkendelige ansigter, folk ses bagfra, fra siden eller beskåret. Bredformat 16:9. Whiteboard med en simpel kasse-og-pil-skitse i et møderum, ingen læsbar tekst.;Whiteboard med en kasse-og-pil-skitse;foto
141;141-tjekliste-paa-clipboard.jpg;Beslutning;Tjekliste: er I klar til et WMS?;https://smartpack.dk/viden/beslutning/tjekliste-foer-wms.html;Fotorealistisk. Dansk/nordeuropæisk lager i normal størrelse, ikke en amerikansk mega-hal. Dagslys eller neutralt hallys, let afdæmpede farver. Tingene skal se brugte ud, ikke som et showroom. Kamera i øjenhøjde eller let ovenfra. Ingen tekst nogen steder i billedet. Ingen firmanavne, varemærker eller læsbare labels. Ingen genkendelige ansigter, folk ses bagfra, fra siden eller beskåret. Bredformat 16:9. Clipboard med en afkrydsningsliste holdt op foran en lagerhal, flere felter endnu tomme.;Afkrydsningsliste på clipboard foran en lagerhal;foto
142;142-pristilbud-paa-moedebord.jpg;Beslutning;Hvad koster et WMS? Priser og hvad du betaler for;https://smartpack.dk/viden/beslutning/wms-pris.html;Fotorealistisk. Dansk/nordeuropæisk lager i normal størrelse, ikke en amerikansk mega-hal. Dagslys eller neutralt hallys, let afdæmpede farver. Tingene skal se brugte ud, ikke som et showroom. Kamera i øjenhøjde eller let ovenfra. Ingen tekst nogen steder i billedet. Ingen firmanavne, varemærker eller læsbare labels. Ingen genkendelige ansigter, folk ses bagfra, fra siden eller beskåret. Bredformat 16:9. Udprintet tilbud med tal og en lommeregner på et mødebord, lager gennem glasvæggen.;Udprintet tilbud og lommeregner på et mødebord;foto
143;143-varer-der-staar-stille.jpg;Okonomi;Hvad er beholdningsomkostninger? Det koster at have varer på lager;https://smartpack.dk/viden/okonomi/beholdningsomkostninger.html;Fotorealistisk. Dansk/nordeuropæisk lager i normal størrelse, ikke en amerikansk mega-hal. Dagslys eller neutralt hallys, let afdæmpede farver. Tingene skal se brugte ud, ikke som et showroom. Kamera i øjenhøjde eller let ovenfra. Ingen tekst nogen steder i billedet. Ingen firmanavne, varemærker eller læsbare labels. Ingen genkendelige ansigter, folk ses bagfra, fra siden eller beskåret. Bredformat 16:9. Reol med varer der tydeligt har stået længe, tyndt lag stov, ingen aktivitet omkring.;Reol med varer der har stået længe;foto
144;144-fem-tal-paa-tavle.jpg;Okonomi;De fem nøgletal du kan begynde at følge i næste uge;https://smartpack.dk/viden/okonomi/fem-noegletal-paa-lageret.html;Fotorealistisk. Dansk/nordeuropæisk lager i normal størrelse, ikke en amerikansk mega-hal. Dagslys eller neutralt hallys, let afdæmpede farver. Tingene skal se brugte ud, ikke som et showroom. Kamera i øjenhøjde eller let ovenfra. Ingen tekst nogen steder i billedet. Ingen firmanavne, varemærker eller læsbare labels. Ingen genkendelige ansigter, folk ses bagfra, fra siden eller beskåret. Bredformat 16:9. Whiteboard i lagerhallen med fem tomme felter tegnet op til nøgletal, tusch liggende i rillen.;Whiteboard med fem felter til nøgletal;diagram
145;145-halvtom-lagerhal.jpg;Okonomi;Lagerhusleje optimering: hvad betaler du for meget for og hvad du gør ved det;https://smartpack.dk/viden/okonomi/lagerhusleje-optimering.html;Fotorealistisk. Dansk/nordeuropæisk lager i normal størrelse, ikke en amerikansk mega-hal. Dagslys eller neutralt hallys, let afdæmpede farver. Tingene skal se brugte ud, ikke som et showroom. Kamera i øjenhøjde eller let ovenfra. Ingen tekst nogen steder i billedet. Ingen firmanavne, varemærker eller læsbare labels. Ingen genkendelige ansigter, folk ses bagfra, fra siden eller beskåret. Bredformat 16:9. Stor lagerhal hvor halvdelen af gulvarealet står helt tomt, reoler kun i den ene ende.;Lagerhal hvor halvdelen af gulvet står tomt;foto
146;146-en-vare-paa-sin-plads.jpg;Okonomi;Lageromkostninger pr. SKU: hvad koster det reelt at have en vare på lager?;https://smartpack.dk/viden/okonomi/lageromkostninger-pr-sku.html;Fotorealistisk. Dansk/nordeuropæisk lager i normal størrelse, ikke en amerikansk mega-hal. Dagslys eller neutralt hallys, let afdæmpede farver. Tingene skal se brugte ud, ikke som et showroom. Kamera i øjenhøjde eller let ovenfra. Ingen tekst nogen steder i billedet. Ingen firmanavne, varemærker eller læsbare labels. Ingen genkendelige ansigter, folk ses bagfra, fra siden eller beskåret. Bredformat 16:9. Nærbillede af én enkelt vare på sin reolplads med luft omkring, hyldekantsskilt nedenunder.;Én enkelt vare på sin reolplads;foto
147;147-varer-ud-og-ind-samme-dag.jpg;Okonomi;Lageromsætningshastighed: hvad det er og hvad det koster dig ikke at kende den;https://smartpack.dk/viden/okonomi/lageromsoetningshastighed.html;Fotorealistisk. Dansk/nordeuropæisk lager i normal størrelse, ikke en amerikansk mega-hal. Dagslys eller neutralt hallys, let afdæmpede farver. Tingene skal se brugte ud, ikke som et showroom. Kamera i øjenhøjde eller let ovenfra. Ingen tekst nogen steder i billedet. Ingen firmanavne, varemærker eller læsbare labels. Ingen genkendelige ansigter, folk ses bagfra, fra siden eller beskåret. Bredformat 16:9. Modtageområde og afsendelsesområde i samme billede, begge med aktivitet.;Modtage- og afsendelsesområde i samme billede;foto
148;148-to-forskellige-taellinger.jpg;Okonomi;Måltal på lageret: hvorfor ét tal ikke rækker;https://smartpack.dk/viden/okonomi/maaltal-paa-lageret.html;Fotorealistisk. Dansk/nordeuropæisk lager i normal størrelse, ikke en amerikansk mega-hal. Dagslys eller neutralt hallys, let afdæmpede farver. Tingene skal se brugte ud, ikke som et showroom. Kamera i øjenhøjde eller let ovenfra. Ingen tekst nogen steder i billedet. Ingen firmanavne, varemærker eller læsbare labels. Ingen genkendelige ansigter, folk ses bagfra, fra siden eller beskåret. Bredformat 16:9. To whiteboards ved siden af hinanden i lagerhallen med hver sin simple optælling.;To whiteboards med hver sin optælling;foto
149;149-maskine-koert-i-stilling.jpg;Okonomi;Økonomi i lagerautomatisering: hvornår er det en god investering og hvornår er det ikke?;https://smartpack.dk/viden/okonomi/oekonomi-i-automatisering.html;Fotorealistisk. Dansk/nordeuropæisk lager i normal størrelse, ikke en amerikansk mega-hal. Dagslys eller neutralt hallys, let afdæmpede farver. Tingene skal se brugte ud, ikke som et showroom. Kamera i øjenhøjde eller let ovenfra. Ingen tekst nogen steder i billedet. Ingen firmanavne, varemærker eller læsbare labels. Ingen genkendelige ansigter, folk ses bagfra, fra siden eller beskåret. Bredformat 16:9. Nyinstalleret transportbåndsektion der endnu ikke er sat i drift, afdækning delvist fjernet.;Nyinstalleret transportbånd der endnu ikke er i drift;foto
150;150-lagermedarbejder-paa-arbejde.jpg;Okonomi;Personaleomkostninger på lageret: hvad koster en lagermedarbejder reelt?;https://smartpack.dk/viden/okonomi/personaleomkostninger-lager.html;Fotorealistisk. Dansk/nordeuropæisk lager i normal størrelse, ikke en amerikansk mega-hal. Dagslys eller neutralt hallys, let afdæmpede farver. Tingene skal se brugte ud, ikke som et showroom. Kamera i øjenhøjde eller let ovenfra. Ingen tekst nogen steder i billedet. Ingen firmanavne, varemærker eller læsbare labels. Ingen genkendelige ansigter, folk ses bagfra, fra siden eller beskåret. Bredformat 16:9. Lagermedarbejder i arbejdstøj midt i en almindelig arbejdsdag i reolgangen, set bagfra.;Lagermedarbejder i arbejdstøj i reolgangen;foto
151;151-forkert-vare-i-kassen.jpg;Okonomi;Hvad koster plukkefejl reelt? Regnestykket de fleste glemmer;https://smartpack.dk/viden/okonomi/plukkefejl-koster-penge.html;Fotorealistisk. Dansk/nordeuropæisk lager i normal størrelse, ikke en amerikansk mega-hal. Dagslys eller neutralt hallys, let afdæmpede farver. Tingene skal se brugte ud, ikke som et showroom. Kamera i øjenhøjde eller let ovenfra. Ingen tekst nogen steder i billedet. Ingen firmanavne, varemærker eller læsbare labels. Ingen genkendelige ansigter, folk ses bagfra, fra siden eller beskåret. Bredformat 16:9. Åbnet pakke på et bord hvor varen tydeligvis ikke matcher pluksedlen ved siden af.;Åbnet pakke med forkert vare ved siden af pluksedlen;foto
152;152-en-person-kender-alt.jpg;Problemer;Afhængighed af nøglemedarbejdere: hvad sker der når den vigtige person siger op?;https://smartpack.dk/viden/problemer/afhngighed-af-noeglemedarbejdere.html;Fotorealistisk. Dansk/nordeuropæisk lager i normal størrelse, ikke en amerikansk mega-hal. Dagslys eller neutralt hallys, let afdæmpede farver. Tingene skal se brugte ud, ikke som et showroom. Kamera i øjenhøjde eller let ovenfra. Ingen tekst nogen steder i billedet. Ingen firmanavne, varemærker eller læsbare labels. Ingen genkendelige ansigter, folk ses bagfra, fra siden eller beskåret. Bredformat 16:9. Én medarbejder stående midt i lagerhallen mens alle andre arbejdspladser står tomme.;Én medarbejder alene midt i lagerhallen;foto
153;153-ny-medarbejder-staar-og-kigger.jpg;Problemer;Dårlig onboarding af lagermedarbejdere: hvorfor det koster dig mere end du tror;https://smartpack.dk/viden/problemer/daarlig-onboarding-af-medarbejdere.html;Fotorealistisk. Dansk/nordeuropæisk lager i normal størrelse, ikke en amerikansk mega-hal. Dagslys eller neutralt hallys, let afdæmpede farver. Tingene skal se brugte ud, ikke som et showroom. Kamera i øjenhøjde eller let ovenfra. Ingen tekst nogen steder i billedet. Ingen firmanavne, varemærker eller læsbare labels. Ingen genkendelige ansigter, folk ses bagfra, fra siden eller beskåret. Bredformat 16:9. Ny medarbejder der står rådvild i en reolgang med en seddel i hånden, ingen andre i nærheden.;Ny medarbejder står rådvild i en reolgang;foto
154;154-regneark-vokset-ud-over-skaermen.jpg;Problemer;Når Excel ikke er nok: tegn på at du har vokset fra dit lagersystem;https://smartpack.dk/viden/problemer/excel-bryder-sammen.html;Fotorealistisk. Dansk/nordeuropæisk lager i normal størrelse, ikke en amerikansk mega-hal. Dagslys eller neutralt hallys, let afdæmpede farver. Tingene skal se brugte ud, ikke som et showroom. Kamera i øjenhøjde eller let ovenfra. Ingen tekst nogen steder i billedet. Ingen firmanavne, varemærker eller læsbare labels. Ingen genkendelige ansigter, folk ses bagfra, fra siden eller beskåret. Bredformat 16:9. Skærm med et regneark der fortsætter langt ud over kanten, papirudprint stablet ved siden af.;Regneark på skærm med stakke af papirudprint;foto
155;155-tre-forskellige-arbejdsmaader.jpg;Problemer;Ingen standarder på lageret, når hver dag er forskellig;https://smartpack.dk/viden/problemer/ingen-standarder.html;Fotorealistisk. Dansk/nordeuropæisk lager i normal størrelse, ikke en amerikansk mega-hal. Dagslys eller neutralt hallys, let afdæmpede farver. Tingene skal se brugte ud, ikke som et showroom. Kamera i øjenhøjde eller let ovenfra. Ingen tekst nogen steder i billedet. Ingen firmanavne, varemærker eller læsbare labels. Ingen genkendelige ansigter, folk ses bagfra, fra siden eller beskåret. Bredformat 16:9. Tre pakkestationer ved siden af hinanden indrettet helt forskelligt, samme opgave på alle tre.;Tre pakkestationer indrettet helt forskelligt;foto
156;156-lange-omveje-i-hallen.jpg;Problemer;Lageret er indrettet forkert: tegn, konsekvenser og løsninger;https://smartpack.dk/viden/problemer/lageret-er-indrettet-forkert.html;Fotorealistisk. Dansk/nordeuropæisk lager i normal størrelse, ikke en amerikansk mega-hal. Dagslys eller neutralt hallys, let afdæmpede farver. Tingene skal se brugte ud, ikke som et showroom. Kamera i øjenhøjde eller let ovenfra. Ingen tekst nogen steder i billedet. Ingen firmanavne, varemærker eller læsbare labels. Ingen genkendelige ansigter, folk ses bagfra, fra siden eller beskåret. Bredformat 16:9. Lagerhal hvor gangene ikke hænger sammen og en plukker må gå udenom en blokeret række.;Plukker går udenom en blokeret række;foto
157;157-ordrer-hober-sig-op.jpg;Problemer;Lageret kan ikke følge med væksten: tegnene og hvad du gør;https://smartpack.dk/viden/problemer/lageret-kan-ikke-foelge-med-vaekst.html;Fotorealistisk. Dansk/nordeuropæisk lager i normal størrelse, ikke en amerikansk mega-hal. Dagslys eller neutralt hallys, let afdæmpede farver. Tingene skal se brugte ud, ikke som et showroom. Kamera i øjenhøjde eller let ovenfra. Ingen tekst nogen steder i billedet. Ingen firmanavne, varemærker eller læsbare labels. Ingen genkendelige ansigter, folk ses bagfra, fra siden eller beskåret. Bredformat 16:9. Bord med færdigplukkede ordrer der hober sig op og fylder mere end der er plads til.;Færdigplukkede ordrer der hober sig op;foto
158;158-returvarer-uden-system.jpg;Problemer;Når returprocessen er kaos: hvad det koster og hvordan du stopper det;https://smartpack.dk/viden/problemer/returproces-er-kaos.html;Fotorealistisk. Dansk/nordeuropæisk lager i normal størrelse, ikke en amerikansk mega-hal. Dagslys eller neutralt hallys, let afdæmpede farver. Tingene skal se brugte ud, ikke som et showroom. Kamera i øjenhøjde eller let ovenfra. Ingen tekst nogen steder i billedet. Ingen firmanavne, varemærker eller læsbare labels. Ingen genkendelige ansigter, folk ses bagfra, fra siden eller beskåret. Bredformat 16:9. Hjørne af lageret med returpakker liggende usorteret på gulv og bord mellem hinanden.;Usorterede returpakker på gulv og bord;foto
159;159-plukker-gaar-frem-og-tilbage.jpg;Problemer;Vi bruger for meget tid på pluk: årsager, konsekvenser og hvad du gør;https://smartpack.dk/viden/problemer/vi-bruger-for-meget-tid-paa-pluk.html;Fotorealistisk. Dansk/nordeuropæisk lager i normal størrelse, ikke en amerikansk mega-hal. Dagslys eller neutralt hallys, let afdæmpede farver. Tingene skal se brugte ud, ikke som et showroom. Kamera i øjenhøjde eller let ovenfra. Ingen tekst nogen steder i billedet. Ingen firmanavne, varemærker eller læsbare labels. Ingen genkendelige ansigter, folk ses bagfra, fra siden eller beskåret. Bredformat 16:9. Lang reolgang hvor samme plukker ses gå i én retning, motion blur der antyder mange ture.;Plukker på vej gennem en lang reolgang;foto
160;160-jobsamtale-ved-lageret.jpg;Personale;Ansættelse af lagerchef: hvad du skal kigge efter og hvad der går galt;https://smartpack.dk/viden/personale/ansaettelse-lagerchef.html;Fotorealistisk. Dansk/nordeuropæisk lager i normal størrelse, ikke en amerikansk mega-hal. Dagslys eller neutralt hallys, let afdæmpede farver. Tingene skal se brugte ud, ikke som et showroom. Kamera i øjenhøjde eller let ovenfra. Ingen tekst nogen steder i billedet. Ingen firmanavne, varemærker eller læsbare labels. Ingen genkendelige ansigter, folk ses bagfra, fra siden eller beskåret. Bredformat 16:9. To personer i samtale ved et bord i et lille møderum med lagerhallen synlig gennem vinduet.;Samtale ved et bord med lagerhallen i baggrunden;foto
161;161-sikkerhedsudstyr-paa-lager.jpg;Personale;HSE og sikkerhed på lageret: hvad loven kræver og hvad der faktisk virker;https://smartpack.dk/viden/personale/hse-sikkerhed-lager.html;Fotorealistisk. Dansk/nordeuropæisk lager i normal størrelse, ikke en amerikansk mega-hal. Dagslys eller neutralt hallys, let afdæmpede farver. Tingene skal se brugte ud, ikke som et showroom. Kamera i øjenhøjde eller let ovenfra. Ingen tekst nogen steder i billedet. Ingen firmanavne, varemærker eller læsbare labels. Ingen genkendelige ansigter, folk ses bagfra, fra siden eller beskåret. Bredformat 16:9. Sikkerhedsvest, høreværn og sikkerhedssko hængende på en knagerække ved indgangen til hallen.;Sikkerhedsudstyr hængende ved indgangen til hallen;foto
162;162-oplaering-ved-reolen.jpg;Personale;Uddannelse af lagermedarbejdere: hvad virker;https://smartpack.dk/viden/personale/lagermedarbejder-uddannelse.html;Fotorealistisk. Dansk/nordeuropæisk lager i normal størrelse, ikke en amerikansk mega-hal. Dagslys eller neutralt hallys, let afdæmpede farver. Tingene skal se brugte ud, ikke som et showroom. Kamera i øjenhøjde eller let ovenfra. Ingen tekst nogen steder i billedet. Ingen firmanavne, varemærker eller læsbare labels. Ingen genkendelige ansigter, folk ses bagfra, fra siden eller beskåret. Bredformat 16:9. Erfaren medarbejder der viser en ny hvordan en vare tages fra hylden, begge med terminal.;Erfaren medarbejder lærer en ny op ved reolen;foto
163;163-team-paa-lageret-i-arbejde.jpg;Personale;Motivation af lagermedarbejdere: hvad virker og hvad er spild af tid;https://smartpack.dk/viden/personale/motivation-lagermedarbejdere.html;Fotorealistisk. Dansk/nordeuropæisk lager i normal størrelse, ikke en amerikansk mega-hal. Dagslys eller neutralt hallys, let afdæmpede farver. Tingene skal se brugte ud, ikke som et showroom. Kamera i øjenhøjde eller let ovenfra. Ingen tekst nogen steder i billedet. Ingen firmanavne, varemærker eller læsbare labels. Ingen genkendelige ansigter, folk ses bagfra, fra siden eller beskåret. Bredformat 16:9. Tre lagermedarbejdere i almindeligt arbejde i samme område, afslappet stemning, dagslys.;Tre lagermedarbejdere i arbejde i samme område;foto
164;164-foerste-pluk-med-terminal.jpg;Personale;Onboarding af lagermedarbejdere: 15 minutter til selvstændighed;https://smartpack.dk/viden/personale/onboarding-lagermedarbejder.html;Fotorealistisk. Dansk/nordeuropæisk lager i normal størrelse, ikke en amerikansk mega-hal. Dagslys eller neutralt hallys, let afdæmpede farver. Tingene skal se brugte ud, ikke som et showroom. Kamera i øjenhøjde eller let ovenfra. Ingen tekst nogen steder i billedet. Ingen firmanavne, varemærker eller læsbare labels. Ingen genkendelige ansigter, folk ses bagfra, fra siden eller beskåret. Bredformat 16:9. Ny medarbejder der gennemfører sit første pluk med terminal, en kollega står ved siden af.;Ny medarbejder gennemfører sit første pluk;foto
165;165-ekstra-folk-i-hoejsaeson.jpg;Personale;Sæsonansatte på lageret: sådan får du dem produktive hurtigt;https://smartpack.dk/viden/personale/saesonansatte-paa-lager.html;Fotorealistisk. Dansk/nordeuropæisk lager i normal størrelse, ikke en amerikansk mega-hal. Dagslys eller neutralt hallys, let afdæmpede farver. Tingene skal se brugte ud, ikke som et showroom. Kamera i øjenhøjde eller let ovenfra. Ingen tekst nogen steder i billedet. Ingen firmanavne, varemærker eller læsbare labels. Ingen genkendelige ansigter, folk ses bagfra, fra siden eller beskåret. Bredformat 16:9. Flere medarbejdere end normalt i gang ved pakkestationerne, travlhed men orden.;Flere medarbejdere end normalt ved pakkestationerne;foto
166;166-ung-medarbejder-ved-pakkebord.jpg;Personale;Ungarbejdere på lageret: regler, begrænsninger og hvad du skal vide;https://smartpack.dk/viden/personale/ungarbejdere-paa-lager.html;Fotorealistisk. Dansk/nordeuropæisk lager i normal størrelse, ikke en amerikansk mega-hal. Dagslys eller neutralt hallys, let afdæmpede farver. Tingene skal se brugte ud, ikke som et showroom. Kamera i øjenhøjde eller let ovenfra. Ingen tekst nogen steder i billedet. Ingen firmanavne, varemærker eller læsbare labels. Ingen genkendelige ansigter, folk ses bagfra, fra siden eller beskåret. Bredformat 16:9. Ung medarbejder i arbejdstøj i gang med lette pakkeopgaver ved et bord, ingen maskiner i nærheden.;Ung medarbejder ved lette pakkeopgaver;foto
167;167-velkoert-lager-i-drift.jpg;Realworld;Hvad gør de bedste anderledes? 10 observationer fra top-performende webshops;https://smartpack.dk/viden/realworld/hvad-goer-de-bedste-anderledes.html;Fotorealistisk. Dansk/nordeuropæisk lager i normal størrelse, ikke en amerikansk mega-hal. Dagslys eller neutralt hallys, let afdæmpede farver. Tingene skal se brugte ud, ikke som et showroom. Kamera i øjenhøjde eller let ovenfra. Ingen tekst nogen steder i billedet. Ingen firmanavne, varemærker eller læsbare labels. Ingen genkendelige ansigter, folk ses bagfra, fra siden eller beskåret. Bredformat 16:9. Velorganiseret lagerhal i fuld drift: markeringer, ens toter, ingen ting på gulvet.;Velorganiseret lagerhal i fuld drift;foto
168;168-orden-og-rod-side-om-side.jpg;Realworld;Hvordan undgår du at skalere kaos? 5 principper der adskiller orden fra eksplosion;https://smartpack.dk/viden/realworld/hvordan-undgaar-du-at-skalere-kaos.html;Fotorealistisk. Dansk/nordeuropæisk lager i normal størrelse, ikke en amerikansk mega-hal. Dagslys eller neutralt hallys, let afdæmpede farver. Tingene skal se brugte ud, ikke som et showroom. Kamera i øjenhøjde eller let ovenfra. Ingen tekst nogen steder i billedet. Ingen firmanavne, varemærker eller læsbare labels. Ingen genkendelige ansigter, folk ses bagfra, fra siden eller beskåret. Bredformat 16:9. Lagerhal hvor den ene halvdel er ryddelig og opmarkeret og den anden halvdel rodet.;Lagerhal med ryddelig og rodet halvdel;foto
169;169-black-friday-travlhed.jpg;Realworld;Kampagner vs. drift: Hvordan overlever du Black Friday på lageret?;https://smartpack.dk/viden/realworld/kampagner-vs-drift.html;Fotorealistisk. Dansk/nordeuropæisk lager i normal størrelse, ikke en amerikansk mega-hal. Dagslys eller neutralt hallys, let afdæmpede farver. Tingene skal se brugte ud, ikke som et showroom. Kamera i øjenhøjde eller let ovenfra. Ingen tekst nogen steder i billedet. Ingen firmanavne, varemærker eller læsbare labels. Ingen genkendelige ansigter, folk ses bagfra, fra siden eller beskåret. Bredformat 16:9. Pakkeområde i hård peak-drift med mange pakker, paller og folk i bevægelse.;Pakkeområde i hård peak-drift;foto
170;170-lager-og-kontor-samme-virksomhed.jpg;Realworld;Lager vs. marketing: Hvad gælder det mest at investere i?;https://smartpack.dk/viden/realworld/lager-vs-marketing.html;Fotorealistisk. Dansk/nordeuropæisk lager i normal størrelse, ikke en amerikansk mega-hal. Dagslys eller neutralt hallys, let afdæmpede farver. Tingene skal se brugte ud, ikke som et showroom. Kamera i øjenhøjde eller let ovenfra. Ingen tekst nogen steder i billedet. Ingen firmanavne, varemærker eller læsbare labels. Ingen genkendelige ansigter, folk ses bagfra, fra siden eller beskåret. Bredformat 16:9. Kontorplads med skærmgraf i forgrunden og lagerhallen synlig gennem en glasvæg bagved.;Kontorplads med lagerhallen bag glasvæggen;foto
171;171-systemer-bag-kulissen.jpg;Realworld;Sådan arbejder top-webshops: De 8 ting de IKKE fortæller dig;https://smartpack.dk/viden/realworld/saadan-arbejder-top-webshops.html;Fotorealistisk. Dansk/nordeuropæisk lager i normal størrelse, ikke en amerikansk mega-hal. Dagslys eller neutralt hallys, let afdæmpede farver. Tingene skal se brugte ud, ikke som et showroom. Kamera i øjenhøjde eller let ovenfra. Ingen tekst nogen steder i billedet. Ingen firmanavne, varemærker eller læsbare labels. Ingen genkendelige ansigter, folk ses bagfra, fra siden eller beskåret. Bredformat 16:9. Teknikrum på et lager med netværksudstyr og en skærm, hallen anet gennem døråbningen.;Teknikrum på et lager med netværksudstyr;foto
172;172-lagerhotel-med-flere-kunder.jpg;Realworld;SmartPack til 3PL-lagre: den fulde guide;https://smartpack.dk/viden/realworld/smartpack-3pl-guide.html;Fotorealistisk. Dansk/nordeuropæisk lager i normal størrelse, ikke en amerikansk mega-hal. Dagslys eller neutralt hallys, let afdæmpede farver. Tingene skal se brugte ud, ikke som et showroom. Kamera i øjenhøjde eller let ovenfra. Ingen tekst nogen steder i billedet. Ingen firmanavne, varemærker eller læsbare labels. Ingen genkendelige ansigter, folk ses bagfra, fra siden eller beskåret. Bredformat 16:9. Stor fælleshal hvor forskellige områder tydeligt hører til forskellige kunder, neutrale mærkninger.;Fælleshal med adskilte kundeområder;foto
173;173-fra-koekkenbord-til-lagerhal.jpg;Realworld;Den typiske lager-evolution for en voksende webshop;https://smartpack.dk/viden/realworld/typisk-lager-evolution.html;Fotorealistisk. Dansk/nordeuropæisk lager i normal størrelse, ikke en amerikansk mega-hal. Dagslys eller neutralt hallys, let afdæmpede farver. Tingene skal se brugte ud, ikke som et showroom. Kamera i øjenhøjde eller let ovenfra. Ingen tekst nogen steder i billedet. Ingen firmanavne, varemærker eller læsbare labels. Ingen genkendelige ansigter, folk ses bagfra, fra siden eller beskåret. Bredformat 16:9. To motiver i samme billede: et lille bord med få pakker i forgrunden og en stor lagerhal bagved.;Lille pakkebord i forgrunden og stor lagerhal bagved;diagram
174;174-papirfyld-i-kasse.jpg;Baeredygtighed;Bæredygtigt fyldmateriale: hvad virker og hvad er greenwashing?;https://smartpack.dk/viden/baeredygtighed/baeredygtigt-fyldmateriale.html;Fotorealistisk. Dansk/nordeuropæisk lager i normal størrelse, ikke en amerikansk mega-hal. Dagslys eller neutralt hallys, let afdæmpede farver. Tingene skal se brugte ud, ikke som et showroom. Kamera i øjenhøjde eller let ovenfra. Ingen tekst nogen steder i billedet. Ingen firmanavne, varemærker eller læsbare labels. Ingen genkendelige ansigter, folk ses bagfra, fra siden eller beskåret. Bredformat 16:9. Nærbillede af sammenkrollet brunt papirfyld i en åben kasse omkring en vare.;Brunt papirfyld i en åben kasse;foto
175;175-fragtdata-paa-skaerm.jpg;Baeredygtighed;CO2-rapportering på fragt: hvad du skal måle og hvad det kræver;https://smartpack.dk/viden/baeredygtighed/co2-rapportering-fragt.html;Fotorealistisk. Dansk/nordeuropæisk lager i normal størrelse, ikke en amerikansk mega-hal. Dagslys eller neutralt hallys, let afdæmpede farver. Tingene skal se brugte ud, ikke som et showroom. Kamera i øjenhøjde eller let ovenfra. Ingen tekst nogen steder i billedet. Ingen firmanavne, varemærker eller læsbare labels. Ingen genkendelige ansigter, folk ses bagfra, fra siden eller beskåret. Bredformat 16:9. Skærm med en simpel kurve ved siden af en stak færdige pakker på afsendelsesbordet.;Skærm med kurve ved siden af færdige pakker;foto
176;176-kasse-fyldt-helt-op.jpg;Baeredygtighed;Fill rate optimering: fyld kasserne bedre og spar fragt og emballage;https://smartpack.dk/viden/baeredygtighed/fill-rate-optimering.html;Fotorealistisk. Dansk/nordeuropæisk lager i normal størrelse, ikke en amerikansk mega-hal. Dagslys eller neutralt hallys, let afdæmpede farver. Tingene skal se brugte ud, ikke som et showroom. Kamera i øjenhøjde eller let ovenfra. Ingen tekst nogen steder i billedet. Ingen firmanavne, varemærker eller læsbare labels. Ingen genkendelige ansigter, folk ses bagfra, fra siden eller beskåret. Bredformat 16:9. Åben kasse fyldt præcis til kanten uden luft, låget klar til at lukke.;Kasse fyldt præcis til kanten uden luft;foto
177;177-varebil-ved-rampen.jpg;Baeredygtighed;Grøn fragt og greenwashing: hvad er reelt og hvad er markedsføring;https://smartpack.dk/viden/baeredygtighed/groen-fragt-greenwashing.html;Fotorealistisk. Dansk/nordeuropæisk lager i normal størrelse, ikke en amerikansk mega-hal. Dagslys eller neutralt hallys, let afdæmpede farver. Tingene skal se brugte ud, ikke som et showroom. Kamera i øjenhøjde eller let ovenfra. Ingen tekst nogen steder i billedet. Ingen firmanavne, varemærker eller læsbare labels. Ingen genkendelige ansigter, folk ses bagfra, fra siden eller beskåret. Bredformat 16:9. Neutral varebil holdende ved en læsserampe i dagslys, ingen læsbare firmanavne.;Neutral varebil ved en læsserampe;foto
178;178-dokumentation-af-pakke-foer-afsendelse.jpg;Drift;Når kunden snyder med en reklamation;https://smartpack.dk/viden/drift/snyd-med-reklamationer.html;Fotorealistisk. Dansk/nordeuropæisk lager i normal størrelse, ikke en amerikansk mega-hal. Dagslys eller neutralt hallys, let afdæmpede farver. Tingene skal se brugte ud, ikke som et showroom. Kamera i øjenhøjde eller let ovenfra. Ingen tekst nogen steder i billedet. Ingen firmanavne, varemærker eller læsbare labels. Ingen genkendelige ansigter, folk ses bagfra, fra siden eller beskåret. Bredformat 16:9. Pakkebord hvor en åben pakke bliver fotograferet ovenfra med en telefon inden lukning.;Åben pakke fotograferes inden den lukkes;foto
179;179-scanning-registrerer-hver-bevaegelse.jpg;Drift;Sporbarhed på lageret: hvem rørte varen?;https://smartpack.dk/viden/drift/sporbarhed-paa-lageret.html;Fotorealistisk. Dansk/nordeuropæisk lager i normal størrelse, ikke en amerikansk mega-hal. Dagslys eller neutralt hallys, let afdæmpede farver. Tingene skal se brugte ud, ikke som et showroom. Kamera i øjenhøjde eller let ovenfra. Ingen tekst nogen steder i billedet. Ingen firmanavne, varemærker eller læsbare labels. Ingen genkendelige ansigter, folk ses bagfra, fra siden eller beskåret. Bredformat 16:9. Nærbillede af en scanner der læser en lokationsstregkode på en reolstolpe.;Scanner læser en lokationsstregkode på en reolstolpe;foto
